award_year,award_category
1927,Best Director
1930,Best Director
1931,Best Director
1932,Best Director
1933,Best Director
1934,Best Director
1935,Best Director
1936,Best Director
1937,Best Director
1938,Best Director
1939,Best Director
1940,Best Director
1941,Best Director
1942,Best Director
1943,Best Director
1944,Best Director
1945,Best Director
1962,Best Director
1946,Best Director
1947,Best Director
1948,Best Director
1949,Best Director
1950,Best Director
1951,Best Director
1952,Best Director
1953,Best Director
1954,Best Director
1955,Best Director
1956,Best Director
1957,Best Director
1958,Best Director
1959,Best Director
1960,Best Director
1961,Best Director
1963,Best Director
1964,Best Director
1965,Best Director
1966,Best Director
1967,Best Director
1968,Best Director
2008,Best Director
1969,Best Director
1970,Best Director
1972,Best Director
1973,Best Director
1975,Best Director
1976,Best Director
1978,Best Director
1979,Best Director
1980,Best Director
1981,Best Director
1982,Best Director
1983,Best Director
1985,Best Director
1986,Best Director
1990,Best Director
1988,Best Director
1989,Best Director
1991,Best Director
1992,Best Director
1993,Best Director
1994,Best Director
1995,Best Director
1996,Best Director
1997,Best Director
1998,Best Director
1999,Best Director
2000,Best Director
2001,Best Director
2002,Best Director
2003,Best Director
2004,Best Director
2005,Best Director
2006,Best Director
2007,Best Director
2009,Best Director
2011,Best Director
2012,Best Director
2013,Best Director
1929,Best Actor
1930,Best Actor
1931,Best Actor
1932,Best Actor
1934,Best Actor
1935,Best Actor
1936,Best Actor
1937,Best Actor
1938,Best Actor
1939,Best Actor
1940,Best Actor
1941,Best Actor
1942,Best Actor
1943,Best Actor
1944,Best Actor
1945,Best Actor
1946,Best Actor
1947,Best Actor
1948,Best Actor
1949,Best Actor
1950,Best Actor
1951,Best Actor
1952,Best Actor
1953,Best Actor
1954,Best Actor
1955,Best Actor
1956,Best Actor
1957,Best Actor
1958,Best Actor
1959,Best Actor
1960,Best Actor
1961,Best Actor
1962,Best Actor
1963,Best Actor
1964,Best Actor
1965,Best Actor
1966,Best Actor
1967,Best Actor
1968,Best Actor
1969,Best Actor
1970,Best Actor
1971,Best Actor
1972,Best Actor
1973,Best Actor
1974,Best Actor
1975,Best Actor
1976,Best Actor
1977,Best Actor
1978,Best Actor
1979,Best Actor
1980,Best Actor
1981,Best Actor
1982,Best Actor
1983,Best Actor
1984,Best Actor
1985,Best Actor
1986,Best Actor
1987,Best Actor
1988,Best Actor
1989,Best Actor
1990,Best Actor
1991,Best Actor
1992,Best Actor
1993,Best Actor
1994,Best Actor
1995,Best Actor
1996,Best Actor
1997,Best Actor
1999,Best Actor
2000,Best Actor
2001,Best Actor
2002,Best Actor
2003,Best Actor
2005,Best Actor
2006,Best Actor
2007,Best Actor
2008,Best Actor
2009,Best Actor
2010,Best Actor
2011,Best Actor
2012,Best Actor
2013,Best Actor
2014,Best Actor
1938,Best Supporting Actor
1939,Best Supporting Actor
1940,Best Supporting Actor
1941,Best Supporting Actor
1942,Best Supporting Actor
1943,Best Supporting Actor
1944,Best Supporting Actor
1945,Best Supporting Actor
1946,Best Supporting Actor
1947,Best Supporting Actor
1948,Best Supporting Actor
1949,Best Supporting Actor
1950,Best Supporting Actor
1951,Best Supporting Actor
1952,Best Supporting Actor
1953,Best Supporting Actor
1954,Best Supporting Actor
1955,Best Supporting Actor
1956,Best Supporting Actor
1957,Best Supporting Actor
1958,Best Supporting Actor
1959,Best Supporting Actor
1960,Best Supporting Actor
1961,Best Supporting Actor
1962,Best Supporting Actor
1963,Best Supporting Actor
1964,Best Supporting Actor
1965,Best Supporting Actor
1966,Best Supporting Actor
1967,Best Supporting Actor
1968,Best Supporting Actor
1969,Best Supporting Actor
1970,Best Supporting Actor
1971,Best Supporting Actor
1972,Best Supporting Actor
1973,Best Supporting Actor
1974,Best Supporting Actor
1975,Best Supporting Actor
1976,Best Supporting Actor
1977,Best Supporting Actor
1978,Best Supporting Actor
1979,Best Supporting Actor
1980,Best Supporting Actor
1981,Best Supporting Actor
1982,Best Supporting Actor
1983,Best Supporting Actor
1984,Best Supporting Actor
1985,Best Supporting Actor
1986,Best Supporting Actor
1987,Best Supporting Actor
1988,Best Supporting Actor
1989,Best Supporting Actor
1990,Best Supporting Actor
1991,Best Supporting Actor
1992,Best Supporting Actor
1993,Best Supporting Actor
1994,Best Supporting Actor
1995,Best Supporting Actor
1996,Best Supporting Actor
1997,Best Supporting Actor
1998,Best Supporting Actor
1999,Best Supporting Actor
2000,Best Supporting Actor
2001,Best Supporting Actor
2002,Best Supporting Actor
2003,Best Supporting Actor
2004,Best Supporting Actor
2005,Best Supporting Actor
2006,Best Supporting Actor
2007,Best Supporting Actor
2008,Best Supporting Actor
2009,Best Supporting Actor
2010,Best Supporting Actor
2011,Best Supporting Actor
2012,Best Supporting Actor
2013,Best Supporting Actor
2014,Best Supporting Actor
1929,Best Actress
1930,Best Actress
1931,Best Actress
1932,Best Actress
1934,Best Actress
1935,Best Actress
1936,Best Actress
1937,Best Actress
1938,Best Actress
1939,Best Actress
1940,Best Actress
1941,Best Actress
1942,Best Actress
1944,Best Actress
1945,Best Actress
1946,Best Actress
1947,Best Actress
1948,Best Actress
1949,Best Actress
1950,Best Actress
1951,Best Actress
1952,Best Actress
1953,Best Actress
1954,Best Actress
1955,Best Actress
1956,Best Actress
1957,Best Actress
1958,Best Actress
1959,Best Actress
1960,Best Actress
1961,Best Actress
1962,Best Actress
1963,Best Actress
1964,Best Actress
1965,Best Actress
1966,Best Actress
1967,Best Actress
1968,Best Actress
1969,Best Actress
1970,Best Actress
1971,Best Actress
1972,Best Actress
1973,Best Actress
1974,Best Actress
1975,Best Actress
1976,Best Actress
1977,Best Actress
1978,Best Actress
1979,Best Actress
1980,Best Actress
1981,Best Actress
1982,Best Actress
1983,Best Actress
1984,Best Actress
1985,Best Actress
1986,Best Actress
1987,Best Actress
1988,Best Actress
1989,Best Actress
1990,Best Actress
1991,Best Actress
1992,Best Actress
1993,Best Actress
1994,Best Actress
1995,Best Actress
1996,Best Actress
1997,Best Actress
1998,Best Actress
1999,Best Actress
2000,Best Actress
2001,Best Actress
2002,Best Actress
2003,Best Actress
2004,Best Actress
2005,Best Actress
2006,Best Actress
2007,Best Actress
2008,Best Actress
2009,Best Actress
2010,Best Actress
2011,Best Actress
2012,Best Actress
2013,Best Actress
2014,Best Actress
1937,Best Supporting Actress
1938,Best Supporting Actress
1939,Best Supporting Actress
1940,Best Supporting Actress
1941,Best Supporting Actress
1942,Best Supporting Actress
1943,Best Supporting Actress
1944,Best Supporting Actress
1945,Best Supporting Actress
1946,Best Supporting Actress
1947,Best Supporting Actress
1948,Best Supporting Actress
1949,Best Supporting Actress
1950,Best Supporting Actress
1951,Best Supporting Actress
1952,Best Supporting Actress
1953,Best Supporting Actress
1954,Best Supporting Actress
1955,Best Supporting Actress
1956,Best Supporting Actress
1957,Best Supporting Actress
1958,Best Supporting Actress
1959,Best Supporting Actress
1960,Best Supporting Actress
1961,Best Supporting Actress
1962,Best Supporting Actress
1963,Best Supporting Actress
1964,Best Supporting Actress
1965,Best Supporting Actress
1966,Best Supporting Actress
1967,Best Supporting Actress
1968,Best Supporting Actress
1969,Best Supporting Actress
1970,Best Supporting Actress
1971,Best Supporting Actress
1972,Best Supporting Actress
1973,Best Supporting Actress
1974,Best Supporting Actress
1975,Best Supporting Actress
1976,Best Supporting Actress
1977,Best Supporting Actress
1978,Best Supporting Actress
1979,Best Supporting Actress
1980,Best Supporting Actress
1981,Best Supporting Actress
1982,Best Supporting Actress
1983,Best Supporting Actress
1984,Best Supporting Actress
1985,Best Supporting Actress
1986,Best Supporting Actress
1987,Best Supporting Actress
1988,Best Supporting Actress
1989,Best Supporting Actress
1990,Best Supporting Actress
1991,Best Supporting Actress
1992,Best Supporting Actress
1993,Best Supporting Actress
1994,Best Supporting Actress
1995,Best Supporting Actress
1996,Best Supporting Actress
1997,Best Supporting Actress
1998,Best Supporting Actress
1999,Best Supporting Actress
2000,Best Supporting Actress
2001,Best Supporting Actress
2002,Best Supporting Actress
2003,Best Supporting Actress
2004,Best Supporting Actress
2005,Best Supporting Actress
2006,Best Supporting Actress
2007,Best Supporting Actress
2009,Best Supporting Actress
2010,Best Supporting Actress
2011,Best Supporting Actress
2012,Best Supporting Actress
2013,Best Supporting Actress
2014,Best Supporting Actress
1928,ACTOR
1928,ACTRESS
1928,ART DIRECTION
1928,CINEMATOGRAPHY
1928,DIRECTING (Comedy Picture)
1928,DIRECTING (Dramatic Picture)
1928,ENGINEERING EFFECTS
1928,OUTSTANDING PICTURE
1928,UNIQUE AND ARTISTIC PICTURE
1928,WRITING (Adaptation)
1928,WRITING (Original Story)
1928,WRITING (Title Writing)
1928,SPECIAL AWARD
1929,ACTOR
1929,ACTRESS
1929,ART DIRECTION
1929,CINEMATOGRAPHY
1929,DIRECTING
1929,OUTSTANDING PICTURE
1929,WRITING
1930,ACTOR
1930,ACTRESS
1930,ART DIRECTION
1930,CINEMATOGRAPHY
1930,DIRECTING
1930,OUTSTANDING PRODUCTION
1930,SOUND RECORDING
1930,WRITING
1931,ACTOR
1931,ACTRESS
1931,ART DIRECTION
1931,CINEMATOGRAPHY
1931,DIRECTING
1931,OUTSTANDING PRODUCTION
1931,SOUND RECORDING
1931,WRITING (Adaptation)
1931,WRITING (Original Story)
1932,ACTOR
1932,ACTRESS
1932,ART DIRECTION
1932,CINEMATOGRAPHY
1932,DIRECTING
1932,OUTSTANDING PRODUCTION
1932,SHORT SUBJECT (Cartoon)
1932,SHORT SUBJECT (Comedy)
1932,SHORT SUBJECT (Novelty)
1932,SOUND RECORDING
1932,WRITING (Adaptation)
1932,WRITING (Original Story)
1932,SPECIAL AWARD
1933,ACTOR
1933,ACTRESS
1933,ART DIRECTION
1933,ASSISTANT DIRECTOR
1933,CINEMATOGRAPHY
1933,DIRECTING
1933,OUTSTANDING PRODUCTION
1933,SHORT SUBJECT (Cartoon)
1933,SHORT SUBJECT (Comedy)
1933,SHORT SUBJECT (Novelty)
1933,SOUND RECORDING
1933,WRITING (Adaptation)
1933,WRITING (Original Story)
1935,ACTOR
1935,ACTRESS
1935,ART DIRECTION
1935,ASSISTANT DIRECTOR
1935,CINEMATOGRAPHY
1935,DIRECTING
1935,FILM EDITING
1935,MUSIC (Scoring)
1935,MUSIC (Song)
1935,OUTSTANDING PRODUCTION
1935,SHORT SUBJECT (Cartoon)
1935,SHORT SUBJECT (Comedy)
1935,SHORT SUBJECT (Novelty)
1935,SOUND RECORDING
1935,WRITING (Adaptation)
1935,WRITING (Original Story)
1935,SPECIAL AWARD
1936,ACTOR
1936,ACTRESS
1936,ART DIRECTION
1936,ASSISTANT DIRECTOR
1936,CINEMATOGRAPHY
1936,DANCE DIRECTION
1936,DIRECTING
1936,FILM EDITING
1936,MUSIC (Scoring)
1936,MUSIC (Song)
1936,OUTSTANDING PRODUCTION
1936,SHORT SUBJECT (Cartoon)
1936,SHORT SUBJECT (Comedy)
1936,SHORT SUBJECT (Novelty)
1936,SOUND RECORDING
1936,WRITING (Original Story)
1936,WRITING (Screenplay)
1936,SPECIAL AWARD
1937,ACTOR
1937,ACTOR IN A SUPPORTING ROLE
1937,ACTRESS
1937,ACTRESS IN A SUPPORTING ROLE
1937,ART DIRECTION
1937,ASSISTANT DIRECTOR
1937,CINEMATOGRAPHY
1937,DANCE DIRECTION
1937,DIRECTING
1937,FILM EDITING
1937,MUSIC (Scoring)
1937,MUSIC (Song)
1937,OUTSTANDING PRODUCTION
1937,SHORT SUBJECT (Cartoon)
1937,SHORT SUBJECT (Color)
1937,SHORT SUBJECT (One-reel)
1937,SHORT SUBJECT (Two-reel)
1937,SOUND RECORDING
1937,WRITING (Original Story)
1937,WRITING (Screenplay)
1937,SPECIAL AWARD
1938,ACTOR
1938,ACTOR IN A SUPPORTING ROLE
1938,ACTRESS
1938,ACTRESS IN A SUPPORTING ROLE
1938,ART DIRECTION
1938,ASSISTANT DIRECTOR
1938,CINEMATOGRAPHY
1938,DANCE DIRECTION
1938,DIRECTING
1938,FILM EDITING
1938,MUSIC (Scoring)
1938,MUSIC (Song)
1938,OUTSTANDING PRODUCTION
1938,SHORT SUBJECT (Cartoon)
1938,SHORT SUBJECT (Color)
1938,SHORT SUBJECT (One-reel)
1938,SHORT SUBJECT (Two-reel)
1938,SOUND RECORDING
1938,WRITING (Original Story)
1938,WRITING (Screenplay)
1938,SPECIAL AWARD
1938,IRVING G. THALBERG MEMORIAL AWARD
1939,ACTOR
1939,ACTOR IN A SUPPORTING ROLE
1939,ACTRESS
1939,ACTRESS IN A SUPPORTING ROLE
1939,ART DIRECTION
1939,CINEMATOGRAPHY
1939,DIRECTING
1939,FILM EDITING
1939,MUSIC (Original Score)
1939,MUSIC (Scoring)
1939,MUSIC (Song)
1939,OUTSTANDING PRODUCTION
1939,SHORT SUBJECT (Cartoon)
1939,SHORT SUBJECT (One-reel)
1939,SHORT SUBJECT (Two-reel)
1939,SOUND RECORDING
1939,WRITING (Original Story)
1939,WRITING (Screenplay)
1939,SPECIAL AWARD
1939,IRVING G. THALBERG MEMORIAL AWARD
1940,ACTOR
1940,ACTOR IN A SUPPORTING ROLE
1940,ACTRESS
1940,ACTRESS IN A SUPPORTING ROLE
1940,ART DIRECTION
1940,CINEMATOGRAPHY (Black-and-White)
1940,CINEMATOGRAPHY (Color)
1940,DIRECTING
1940,FILM EDITING
1940,MUSIC (Original Score)
1940,MUSIC (Scoring)
1940,MUSIC (Song)
1940,OUTSTANDING PRODUCTION
1940,SHORT SUBJECT (Cartoon)
1940,SHORT SUBJECT (One-reel)
1940,SHORT SUBJECT (Two-reel)
1940,SOUND RECORDING
1940,SPECIAL EFFECTS
1940,WRITING (Original Story)
1940,WRITING (Screenplay)
1940,SPECIAL AWARD
1940,IRVING G. THALBERG MEMORIAL AWARD
1941,ACTOR
1941,ACTOR IN A SUPPORTING ROLE
1941,ACTRESS
1941,ACTRESS IN A SUPPORTING ROLE
1941,ART DIRECTION (Black-and-White)
1941,ART DIRECTION (Color)
1941,CINEMATOGRAPHY (Black-and-White)
1941,CINEMATOGRAPHY (Color)
1941,DIRECTING
1941,FILM EDITING
1941,MUSIC (Original Score)
1941,MUSIC (Scoring)
1941,MUSIC (Song)
1941,OUTSTANDING PRODUCTION
1941,SHORT SUBJECT (Cartoon)
1941,SHORT SUBJECT (One-reel)
1941,SHORT SUBJECT (Two-reel)
1941,SOUND RECORDING
1941,SPECIAL EFFECTS
1941,WRITING (Original Screenplay)
1941,WRITING (Original Story)
1941,WRITING (Screenplay)
1941,SPECIAL AWARD
1942,ACTOR
1942,ACTOR IN A SUPPORTING ROLE
1942,ACTRESS
1942,ACTRESS IN A SUPPORTING ROLE
1942,ART DIRECTION (Black-and-White)
1942,ART DIRECTION (Color)
1942,CINEMATOGRAPHY (Black-and-White)
1942,CINEMATOGRAPHY (Color)
1942,DIRECTING
1942,DOCUMENTARY (Short Subject)
1942,FILM EDITING
1942,MUSIC (Music Score of a Dramatic Picture)
1942,MUSIC (Scoring of a Musical Picture)
1942,MUSIC (Song)
1942,OUTSTANDING MOTION PICTURE
1942,SHORT SUBJECT (Cartoon)
1942,SHORT SUBJECT (One-reel)
1942,SHORT SUBJECT (Two-reel)
1942,SOUND RECORDING
1942,SPECIAL EFFECTS
1942,WRITING (Original Screenplay)
1942,WRITING (Original Story)
1942,WRITING (Screenplay)
1942,SPECIAL AWARD
1942,IRVING G. THALBERG MEMORIAL AWARD
1943,ACTOR
1943,ACTOR IN A SUPPORTING ROLE
1943,ACTRESS
1943,ACTRESS IN A SUPPORTING ROLE
1943,ART DIRECTION (Black-and-White)
1943,ART DIRECTION (Color)
1943,CINEMATOGRAPHY (Black-and-White)
1943,CINEMATOGRAPHY (Color)
1943,DIRECTING
1943,DOCUMENTARY
1943,FILM EDITING
1943,MUSIC (Music Score of a Dramatic or Comedy Picture)
1943,MUSIC (Scoring of a Musical Picture)
1943,MUSIC (Song)
1943,OUTSTANDING MOTION PICTURE
1943,SHORT SUBJECT (Cartoon)
1943,SHORT SUBJECT (One-reel)
1943,SHORT SUBJECT (Two-reel)
1943,SOUND RECORDING
1943,SPECIAL EFFECTS
1943,WRITING (Original Motion Picture Story)
1943,WRITING (Original Screenplay)
1943,WRITING (Screenplay)
1943,SPECIAL AWARD
1943,IRVING G. THALBERG MEMORIAL AWARD
1944,ACTOR
1944,ACTOR IN A SUPPORTING ROLE
1944,ACTRESS
1944,ACTRESS IN A SUPPORTING ROLE
1944,ART DIRECTION (Black-and-White)
1944,ART DIRECTION (Color)
1944,CINEMATOGRAPHY (Black-and-White)
1944,CINEMATOGRAPHY (Color)
1944,DIRECTING
1944,DOCUMENTARY (Feature)
1944,DOCUMENTARY (Short Subject)
1944,FILM EDITING
1944,MUSIC (Music Score of a Dramatic or Comedy Picture)
1944,MUSIC (Scoring of a Musical Picture)
1944,MUSIC (Song)
1944,OUTSTANDING MOTION PICTURE
1944,SHORT SUBJECT (Cartoon)
1944,SHORT SUBJECT (One-reel)
1944,SHORT SUBJECT (Two-reel)
1944,SOUND RECORDING
1944,SPECIAL EFFECTS
1944,WRITING (Original Motion Picture Story)
1944,WRITING (Original Screenplay)
1944,WRITING (Screenplay)
1944,SPECIAL AWARD
1944,IRVING G. THALBERG MEMORIAL AWARD
1945,ACTOR
1945,ACTOR IN A SUPPORTING ROLE
1945,ACTRESS
1945,ACTRESS IN A SUPPORTING ROLE
1945,ART DIRECTION (Black-and-White)
1945,ART DIRECTION (Color)
1945,CINEMATOGRAPHY (Black-and-White)
1945,CINEMATOGRAPHY (Color)
1945,DIRECTING
1945,DOCUMENTARY (Feature)
1945,DOCUMENTARY (Short Subject)
1945,FILM EDITING
1945,MUSIC (Music Score of a Dramatic or Comedy Picture)
1945,MUSIC (Scoring of a Musical Picture)
1945,MUSIC (Song)
1945,BEST MOTION PICTURE
1945,SHORT SUBJECT (Cartoon)
1945,SHORT SUBJECT (One-reel)
1945,SHORT SUBJECT (Two-reel)
1945,SOUND RECORDING
1945,SPECIAL EFFECTS
1945,WRITING (Original Motion Picture Story)
1945,WRITING (Original Screenplay)
1945,WRITING (Screenplay)
1945,SPECIAL AWARD
1945,IRVING G. THALBERG MEMORIAL AWARD
1946,ACTOR
1946,ACTOR IN A SUPPORTING ROLE
1946,ACTRESS
1946,ACTRESS IN A SUPPORTING ROLE
1946,ART DIRECTION (Black-and-White)
1946,ART DIRECTION (Color)
1946,CINEMATOGRAPHY (Black-and-White)
1946,CINEMATOGRAPHY (Color)
1946,DIRECTING
1946,DOCUMENTARY (Feature)
1946,DOCUMENTARY (Short Subject)
1946,FILM EDITING
1946,MUSIC (Music Score of a Dramatic or Comedy Picture)
1946,MUSIC (Scoring of a Musical Picture)
1946,MUSIC (Song)
1946,BEST MOTION PICTURE
1946,SHORT SUBJECT (Cartoon)
1946,SHORT SUBJECT (One-reel)
1946,SHORT SUBJECT (Two-reel)
1946,SOUND RECORDING
1946,SPECIAL EFFECTS
1946,WRITING (Original Motion Picture Story)
1946,WRITING (Original Screenplay)
1946,WRITING (Screenplay)
1946,SPECIAL AWARD
1947,ACTOR
1947,ACTOR IN A SUPPORTING ROLE
1947,ACTRESS
1947,ACTRESS IN A SUPPORTING ROLE
1947,ART DIRECTION (Black-and-White)
1947,ART DIRECTION (Color)
1947,CINEMATOGRAPHY (Black-and-White)
1947,CINEMATOGRAPHY (Color)
1947,DIRECTING
1947,DOCUMENTARY (Short Subject)
1947,FILM EDITING
1947,MUSIC (Music Score of a Dramatic or Comedy Picture)
1947,MUSIC (Scoring of a Musical Picture)
1947,MUSIC (Song)
1947,BEST MOTION PICTURE
1947,SHORT SUBJECT (Cartoon)
1947,SHORT SUBJECT (One-reel)
1947,SHORT SUBJECT (Two-reel)
1947,SOUND RECORDING
1947,SPECIAL EFFECTS
1947,WRITING (Original Motion Picture Story)
1947,WRITING (Original Screenplay)
1947,WRITING (Screenplay)
1947,SPECIAL AWARD
1947,IRVING G. THALBERG MEMORIAL AWARD
1948,ACTOR
1948,ACTOR IN A SUPPORTING ROLE
1948,ACTRESS
1948,ACTRESS IN A SUPPORTING ROLE
1948,ART DIRECTION (Black-and-White)
1948,ART DIRECTION (Color)
1948,CINEMATOGRAPHY (Black-and-White)
1948,CINEMATOGRAPHY (Color)
1948,DIRECTING
1948,DOCUMENTARY (Feature)
1948,DOCUMENTARY (Short Subject)
1948,FILM EDITING
1948,MUSIC (Music Score of a Dramatic or Comedy Picture)
1948,MUSIC (Scoring of a Musical Picture)
1948,MUSIC (Song)
1948,BEST MOTION PICTURE
1948,SHORT SUBJECT (Cartoon)
1948,SHORT SUBJECT (One-reel)
1948,SHORT SUBJECT (Two-reel)
1948,SOUND RECORDING
1948,SPECIAL EFFECTS
1948,WRITING (Motion Picture Story)
1948,WRITING (Original Screenplay)
1948,WRITING (Screenplay)
1948,SPECIAL AWARD
1949,ACTOR
1949,ACTOR IN A SUPPORTING ROLE
1949,ACTRESS
1949,ACTRESS IN A SUPPORTING ROLE
1949,ART DIRECTION (Black-and-White)
1949,ART DIRECTION (Color)
1949,CINEMATOGRAPHY (Black-and-White)
1949,CINEMATOGRAPHY (Color)
1949,COSTUME DESIGN (Black-and-White)
1949,COSTUME DESIGN (Color)
1949,DIRECTING
1949,DOCUMENTARY (Feature)
1949,DOCUMENTARY (Short Subject)
1949,FILM EDITING
1949,MUSIC (Music Score of a Dramatic or Comedy Picture)
1949,MUSIC (Scoring of a Musical Picture)
1949,MUSIC (Song)
1949,BEST MOTION PICTURE
1949,SHORT SUBJECT (Cartoon)
1949,SHORT SUBJECT (One-reel)
1949,SHORT SUBJECT (Two-reel)
1949,SOUND RECORDING
1949,SPECIAL EFFECTS
1949,WRITING (Motion Picture Story)
1949,WRITING (Screenplay)
1949,SPECIAL FOREIGN LANGUAGE FILM AWARD
1949,SPECIAL AWARD
1949,IRVING G. THALBERG MEMORIAL AWARD
1950,ACTOR
1950,ACTOR IN A SUPPORTING ROLE
1950,ACTRESS
1950,ACTRESS IN A SUPPORTING ROLE
1950,ART DIRECTION (Black-and-White)
1950,ART DIRECTION (Color)
1950,CINEMATOGRAPHY (Black-and-White)
1950,CINEMATOGRAPHY (Color)
1950,COSTUME DESIGN (Black-and-White)
1950,COSTUME DESIGN (Color)
1950,DIRECTING
1950,DOCUMENTARY (Feature)
1950,DOCUMENTARY (Short Subject)
1950,FILM EDITING
1950,MUSIC (Music Score of a Dramatic or Comedy Picture)
1950,MUSIC (Scoring of a Musical Picture)
1950,MUSIC (Song)
1950,BEST MOTION PICTURE
1950,SHORT SUBJECT (Cartoon)
1950,SHORT SUBJECT (One-reel)
1950,SHORT SUBJECT (Two-reel)
1950,SOUND RECORDING
1950,SPECIAL EFFECTS
1950,WRITING (Motion Picture Story)
1950,WRITING (Screenplay)
1950,WRITING (Story and Screenplay)
1950,SPECIAL FOREIGN LANGUAGE FILM AWARD
1950,SPECIAL AWARD
1951,ACTOR
1951,ACTOR IN A SUPPORTING ROLE
1951,ACTRESS
1951,ACTRESS IN A SUPPORTING ROLE
1951,ART DIRECTION (Black-and-White)
1951,ART DIRECTION (Color)
1951,CINEMATOGRAPHY (Black-and-White)
1951,CINEMATOGRAPHY (Color)
1951,COSTUME DESIGN (Black-and-White)
1951,COSTUME DESIGN (Color)
1951,DIRECTING
1951,DOCUMENTARY (Feature)
1951,DOCUMENTARY (Short Subject)
1951,FILM EDITING
1951,MUSIC (Music Score of a Dramatic or Comedy Picture)
1951,MUSIC (Scoring of a Musical Picture)
1951,MUSIC (Song)
1951,BEST MOTION PICTURE
1951,SHORT SUBJECT (Cartoon)
1951,SHORT SUBJECT (One-reel)
1951,SHORT SUBJECT (Two-reel)
1951,SOUND RECORDING
1951,SPECIAL EFFECTS
1951,WRITING (Motion Picture Story)
1951,WRITING (Screenplay)
1951,WRITING (Story and Screenplay)
1951,HONORARY FOREIGN LANGUAGE FILM AWARD
1951,HONORARY AWARD
1951,IRVING G. THALBERG MEMORIAL AWARD
1952,ACTOR
1952,ACTOR IN A SUPPORTING ROLE
1952,ACTRESS
1952,ACTRESS IN A SUPPORTING ROLE
1952,ART DIRECTION (Black-and-White)
1952,ART DIRECTION (Color)
1952,CINEMATOGRAPHY (Black-and-White)
1952,CINEMATOGRAPHY (Color)
1952,COSTUME DESIGN (Black-and-White)
1952,COSTUME DESIGN (Color)
1952,DIRECTING
1952,DOCUMENTARY (Feature)
1952,DOCUMENTARY (Short Subject)
1952,FILM EDITING
1952,MUSIC (Music Score of a Dramatic or Comedy Picture)
1952,MUSIC (Scoring of a Musical Picture)
1952,MUSIC (Song)
1952,BEST MOTION PICTURE
1952,SHORT SUBJECT (Cartoon)
1952,SHORT SUBJECT (One-reel)
1952,SHORT SUBJECT (Two-reel)
1952,SOUND RECORDING
1952,SPECIAL EFFECTS
1952,WRITING (Motion Picture Story)
1952,WRITING (Screenplay)
1952,WRITING (Story and Screenplay)
1952,HONORARY FOREIGN LANGUAGE FILM AWARD
1952,HONORARY AWARD
1952,IRVING G. THALBERG MEMORIAL AWARD
1953,ACTOR
1953,ACTOR IN A SUPPORTING ROLE
1953,ACTRESS
1953,ACTRESS IN A SUPPORTING ROLE
1953,ART DIRECTION (Black-and-White)
1953,ART DIRECTION (Color)
1953,CINEMATOGRAPHY (Black-and-White)
1953,CINEMATOGRAPHY (Color)
1953,COSTUME DESIGN (Black-and-White)
1953,COSTUME DESIGN (Color)
1953,DIRECTING
1953,DOCUMENTARY (Feature)
1953,DOCUMENTARY (Short Subject)
1953,FILM EDITING
1953,MUSIC (Music Score of a Dramatic or Comedy Picture)
1953,MUSIC (Scoring of a Musical Picture)
1953,MUSIC (Song)
1953,BEST MOTION PICTURE
1953,SHORT SUBJECT (Cartoon)
1953,SHORT SUBJECT (One-reel)
1953,SHORT SUBJECT (Two-reel)
1953,SOUND RECORDING
1953,SPECIAL EFFECTS
1953,WRITING (Motion Picture Story)
1953,WRITING (Screenplay)
1953,WRITING (Story and Screenplay)
1953,HONORARY FOREIGN LANGUAGE FILM AWARD
1953,HONORARY AWARD
1953,IRVING G. THALBERG MEMORIAL AWARD
1954,ACTOR
1954,ACTOR IN A SUPPORTING ROLE
1954,ACTRESS
1954,ACTRESS IN A SUPPORTING ROLE
1954,ART DIRECTION (Black-and-White)
1954,ART DIRECTION (Color)
1954,CINEMATOGRAPHY (Black-and-White)
1954,CINEMATOGRAPHY (Color)
1954,COSTUME DESIGN (Black-and-White)
1954,COSTUME DESIGN (Color)
1954,DIRECTING
1954,DOCUMENTARY (Feature)
1954,DOCUMENTARY (Short Subject)
1954,FILM EDITING
1954,MUSIC (Music Score of a Dramatic or Comedy Picture)
1954,MUSIC (Scoring of a Musical Picture)
1954,MUSIC (Song)
1954,BEST MOTION PICTURE
1954,SHORT SUBJECT (Cartoon)
1954,SHORT SUBJECT (One-reel)
1954,SHORT SUBJECT (Two-reel)
1954,SOUND RECORDING
1954,SPECIAL EFFECTS
1954,WRITING (Motion Picture Story)
1954,WRITING (Screenplay)
1954,WRITING (Story and Screenplay)
1954,HONORARY AWARD
1954,IRVING G. THALBERG MEMORIAL AWARD
1955,ACTOR
1955,ACTOR IN A SUPPORTING ROLE
1955,ACTRESS
1955,ACTRESS IN A SUPPORTING ROLE
1955,ART DIRECTION (Black-and-White)
1955,ART DIRECTION (Color)
1955,CINEMATOGRAPHY (Black-and-White)
1955,CINEMATOGRAPHY (Color)
1955,COSTUME DESIGN (Black-and-White)
1955,COSTUME DESIGN (Color)
1955,DIRECTING
1955,DOCUMENTARY (Feature)
1955,DOCUMENTARY (Short Subject)
1955,FILM EDITING
1955,MUSIC (Music Score of a Dramatic or Comedy Picture)
1955,MUSIC (Scoring of a Musical Picture)
1955,MUSIC (Song)
1955,BEST MOTION PICTURE
1955,SHORT SUBJECT (Cartoon)
1955,SHORT SUBJECT (One-reel)
1955,SHORT SUBJECT (Two-reel)
1955,SOUND RECORDING
1955,SPECIAL EFFECTS
1955,WRITING (Motion Picture Story)
1955,WRITING (Screenplay)
1955,WRITING (Story and Screenplay)
1955,HONORARY FOREIGN LANGUAGE FILM AWARD
1955,HONORARY AWARD
1956,ACTOR
1956,ACTOR IN A SUPPORTING ROLE
1956,ACTRESS
1956,ACTRESS IN A SUPPORTING ROLE
1956,ART DIRECTION (Black-and-White)
1956,ART DIRECTION (Color)
1956,CINEMATOGRAPHY (Black-and-White)
1956,CINEMATOGRAPHY (Color)
1956,COSTUME DESIGN (Black-and-White)
1956,COSTUME DESIGN (Color)
1956,DIRECTING
1956,DOCUMENTARY (Feature)
1956,DOCUMENTARY (Short Subject)
1956,FILM EDITING
1956,MUSIC (Music Score of a Dramatic or Comedy Picture)
1956,MUSIC (Scoring of a Musical Picture)
1956,MUSIC (Song)
1956,BEST MOTION PICTURE
1956,SHORT SUBJECT (Cartoon)
1956,SHORT SUBJECT (One-reel)
1956,SHORT SUBJECT (Two-reel)
1956,SOUND RECORDING
1956,SPECIAL EFFECTS
1956,WRITING (Motion Picture Story)
1956,WRITING (Screenplay)
1956,WRITING (Story and Screenplay)
1956,HONORARY FOREIGN LANGUAGE FILM AWARD
1957,ACTOR
1957,ACTOR IN A SUPPORTING ROLE
1957,ACTRESS
1957,ACTRESS IN A SUPPORTING ROLE
1957,ART DIRECTION (Black-and-White)
1957,ART DIRECTION (Color)
1957,CINEMATOGRAPHY (Black-and-White)
1957,CINEMATOGRAPHY (Color)
1957,COSTUME DESIGN (Black-and-White)
1957,COSTUME DESIGN (Color)
1957,DIRECTING
1957,DOCUMENTARY (Feature)
1957,DOCUMENTARY (Short Subject)
1957,FILM EDITING
1957,FOREIGN LANGUAGE FILM
1957,MUSIC (Music Score of a Dramatic or Comedy Picture)
1957,MUSIC (Scoring of a Musical Picture)
1957,MUSIC (Song)
1957,BEST MOTION PICTURE
1957,SHORT SUBJECT (Cartoon)
1957,SHORT SUBJECT (One-reel)
1957,SHORT SUBJECT (Two-reel)
1957,SOUND RECORDING
1957,SPECIAL EFFECTS
1957,WRITING (Motion Picture Story)
1957,WRITING (Screenplay--Adapted)
1957,WRITING (Screenplay--Original)
1957,JEAN HERSHOLT HUMANITARIAN AWARD
1957,HONORARY AWARD
1957,IRVING G. THALBERG MEMORIAL AWARD
1958,ACTOR
1958,ACTOR IN A SUPPORTING ROLE
1958,ACTRESS
1958,ACTRESS IN A SUPPORTING ROLE
1958,ART DIRECTION
1958,CINEMATOGRAPHY
1958,COSTUME DESIGN
1958,DIRECTING
1958,DOCUMENTARY (Feature)
1958,FILM EDITING
1958,FOREIGN LANGUAGE FILM
1958,MUSIC (Scoring)
1958,MUSIC (Song)
1958,BEST MOTION PICTURE
1958,SHORT SUBJECT (Cartoon)
1958,SHORT SUBJECT (Live Action)
1958,SOUND RECORDING
1958,SPECIAL EFFECTS
1958,WRITING (Screenplay--based on material from another medium)
1958,WRITING (Story and Screenplay--written directly for the screen)
1958,JEAN HERSHOLT HUMANITARIAN AWARD
1958,HONORARY AWARD
1959,ACTOR
1959,ACTOR IN A SUPPORTING ROLE
1959,ACTRESS
1959,ACTRESS IN A SUPPORTING ROLE
1959,ART DIRECTION
1959,CINEMATOGRAPHY (Black-and-White)
1959,CINEMATOGRAPHY (Color)
1959,COSTUME DESIGN
1959,DIRECTING
1959,DOCUMENTARY (Feature)
1959,DOCUMENTARY (Short Subject)
1959,FILM EDITING
1959,FOREIGN LANGUAGE FILM
1959,MUSIC (Music Score of a Dramatic or Comedy Picture)
1959,MUSIC (Scoring of a Musical Picture)
1959,MUSIC (Song)
1959,BEST MOTION PICTURE
1959,SHORT SUBJECT (Cartoon)
1959,SHORT SUBJECT (Live Action)
1959,SOUND
1959,SPECIAL EFFECTS
1959,WRITING (Screenplay--based on material from another medium)
1959,WRITING (Story and Screenplay--written directly for the screen)
1959,HONORARY AWARD
1959,IRVING G. THALBERG MEMORIAL AWARD
1960,ACTOR
1960,ACTOR IN A SUPPORTING ROLE
1960,ACTRESS
1960,ACTRESS IN A SUPPORTING ROLE
1960,ART DIRECTION (Black-and-White)
1960,ART DIRECTION (Color)
1960,CINEMATOGRAPHY (Black-and-White)
1960,CINEMATOGRAPHY (Color)
1960,COSTUME DESIGN (Black-and-White)
1960,COSTUME DESIGN (Color)
1960,DIRECTING
1960,DOCUMENTARY (Feature)
1960,DOCUMENTARY (Short Subject)
1960,FILM EDITING
1960,FOREIGN LANGUAGE FILM
1960,MUSIC (Music Score of a Dramatic or Comedy Picture)
1960,MUSIC (Scoring of a Musical Picture)
1960,MUSIC (Song)
1960,BEST MOTION PICTURE
1960,SHORT SUBJECT (Cartoon)
1960,SHORT SUBJECT (Live Action)
1960,SOUND
1960,SPECIAL EFFECTS
1960,WRITING (Screenplay--based on material from another medium)
1960,WRITING (Story and Screenplay--written directly for the screen)
1960,JEAN HERSHOLT HUMANITARIAN AWARD
1960,HONORARY AWARD
1961,ACTOR
1961,ACTOR IN A SUPPORTING ROLE
1961,ACTRESS
1961,ACTRESS IN A SUPPORTING ROLE
1961,ART DIRECTION (Black-and-White)
1961,ART DIRECTION (Color)
1961,CINEMATOGRAPHY (Black-and-White)
1961,CINEMATOGRAPHY (Color)
1961,COSTUME DESIGN (Black-and-White)
1961,COSTUME DESIGN (Color)
1961,DIRECTING
1961,DOCUMENTARY (Feature)
1961,DOCUMENTARY (Short Subject)
1961,FILM EDITING
1961,FOREIGN LANGUAGE FILM
1961,MUSIC (Music Score of a Dramatic or Comedy Picture)
1961,MUSIC (Scoring of a Musical Picture)
1961,MUSIC (Song)
1961,BEST MOTION PICTURE
1961,SHORT SUBJECT (Cartoon)
1961,SHORT SUBJECT (Live Action)
1961,SOUND
1961,SPECIAL EFFECTS
1961,WRITING (Screenplay--based on material from another medium)
1961,WRITING (Story and Screenplay--written directly for the screen)
1961,JEAN HERSHOLT HUMANITARIAN AWARD
1961,HONORARY AWARD
1962,ACTOR
1962,ACTOR IN A SUPPORTING ROLE
1962,ACTRESS
1962,ACTRESS IN A SUPPORTING ROLE
1962,ART DIRECTION (Black-and-White)
1962,ART DIRECTION (Color)
1962,CINEMATOGRAPHY (Black-and-White)
1962,CINEMATOGRAPHY (Color)
1962,COSTUME DESIGN (Black-and-White)
1962,COSTUME DESIGN (Color)
1962,DIRECTING
1962,DOCUMENTARY (Feature)
1962,DOCUMENTARY (Short Subject)
1962,FILM EDITING
1962,FOREIGN LANGUAGE FILM
1962,MUSIC (Music Score of a Dramatic or Comedy Picture)
1962,MUSIC (Scoring of a Musical Picture)
1962,MUSIC (Song)
1962,BEST MOTION PICTURE
1962,SHORT SUBJECT (Cartoon)
1962,SHORT SUBJECT (Live Action)
1962,SOUND
1962,SPECIAL EFFECTS
1962,WRITING (Screenplay--based on material from another medium)
1962,WRITING (Story and Screenplay--written directly for the screen)
1962,JEAN HERSHOLT HUMANITARIAN AWARD
1962,HONORARY AWARD
1962,IRVING G. THALBERG MEMORIAL AWARD
1963,ACTOR
1963,ACTOR IN A SUPPORTING ROLE
1963,ACTRESS
1963,ACTRESS IN A SUPPORTING ROLE
1963,ART DIRECTION (Black-and-White)
1963,ART DIRECTION (Color)
1963,CINEMATOGRAPHY (Black-and-White)
1963,CINEMATOGRAPHY (Color)
1963,COSTUME DESIGN (Black-and-White)
1963,COSTUME DESIGN (Color)
1963,DIRECTING
1963,DOCUMENTARY (Feature)
1963,DOCUMENTARY (Short Subject)
1963,FILM EDITING
1963,FOREIGN LANGUAGE FILM
1963,MUSIC (Music Score--substantially original)
1963,MUSIC (Scoring of Music--adaptation or treatment)
1963,MUSIC (Song)
1963,BEST PICTURE
1963,SHORT SUBJECT (Cartoon)
1963,SHORT SUBJECT (Live Action)
1963,SOUND
1963,SPECIAL EFFECTS
1963,WRITING (Screenplay--based on material from another medium)
1963,WRITING (Story and Screenplay--written directly for the screen)
1963,JEAN HERSHOLT HUMANITARIAN AWARD
1964,ACTOR
1964,ACTOR IN A SUPPORTING ROLE
1964,ACTRESS
1964,ACTRESS IN A SUPPORTING ROLE
1964,ART DIRECTION (Black-and-White)
1964,ART DIRECTION (Color)
1964,CINEMATOGRAPHY (Black-and-White)
1964,CINEMATOGRAPHY (Color)
1964,COSTUME DESIGN (Black-and-White)
1964,COSTUME DESIGN (Color)
1964,DIRECTING
1964,DOCUMENTARY (Feature)
1964,DOCUMENTARY (Short Subject)
1964,FILM EDITING
1964,FOREIGN LANGUAGE FILM
1964,MUSIC (Music Score--substantially original)
1964,MUSIC (Scoring of Music--adaptation or treatment)
1964,MUSIC (Song)
1964,BEST PICTURE
1964,SHORT SUBJECT (Cartoon)
1964,SHORT SUBJECT (Live Action)
1964,SOUND
1964,SOUND EFFECTS
1964,SPECIAL EFFECTS
1964,WRITING (Screenplay--based on material from another medium)
1964,WRITING (Story and Screenplay--written directly for the screen)
1964,IRVING G. THALBERG MEMORIAL AWARD
1965,ACTOR
1965,ACTOR IN A SUPPORTING ROLE
1965,ACTRESS
1965,ACTRESS IN A SUPPORTING ROLE
1965,ART DIRECTION (Black-and-White)
1965,ART DIRECTION (Color)
1965,CINEMATOGRAPHY (Black-and-White)
1965,CINEMATOGRAPHY (Color)
1965,COSTUME DESIGN (Black-and-White)
1965,COSTUME DESIGN (Color)
1965,DIRECTING
1965,DOCUMENTARY (Feature)
1965,DOCUMENTARY (Short Subject)
1965,FILM EDITING
1965,FOREIGN LANGUAGE FILM
1965,MUSIC (Music Score--substantially original)
1965,MUSIC (Scoring of Music--adaptation or treatment)
1965,MUSIC (Song)
1965,BEST PICTURE
1965,SHORT SUBJECT (Cartoon)
1965,SHORT SUBJECT (Live Action)
1965,SOUND
1965,SOUND EFFECTS
1965,SPECIAL VISUAL EFFECTS
1965,WRITING (Screenplay--based on material from another medium)
1965,WRITING (Story and Screenplay--written directly for the screen)
1965,HONORARY AWARD
1966,ACTOR
1966,ACTOR IN A SUPPORTING ROLE
1966,ACTRESS
1966,ACTRESS IN A SUPPORTING ROLE
1966,ART DIRECTION (Black-and-White)
1966,ART DIRECTION (Color)
1966,CINEMATOGRAPHY (Black-and-White)
1966,CINEMATOGRAPHY (Color)
1966,COSTUME DESIGN (Black-and-White)
1966,COSTUME DESIGN (Color)
1966,DIRECTING
1966,DOCUMENTARY (Feature)
1966,DOCUMENTARY (Short Subject)
1966,FILM EDITING
1966,FOREIGN LANGUAGE FILM
1966,MUSIC (Music Score--substantially original)
1966,MUSIC (Scoring of Music--adaptation or treatment)
1966,MUSIC (Song)
1966,BEST PICTURE
1966,SHORT SUBJECT (Cartoon)
1966,SHORT SUBJECT (Live Action)
1966,SOUND
1966,SOUND EFFECTS
1966,SPECIAL VISUAL EFFECTS
1966,WRITING (Screenplay--based on material from another medium)
1966,WRITING (Story and Screenplay--written directly for the screen)
1966,JEAN HERSHOLT HUMANITARIAN AWARD
1966,HONORARY AWARD
1966,IRVING G. THALBERG MEMORIAL AWARD
1967,ACTOR
1967,ACTOR IN A SUPPORTING ROLE
1967,ACTRESS
1967,ACTRESS IN A SUPPORTING ROLE
1967,ART DIRECTION (Black-and-White)
1967,ART DIRECTION (Color)
1967,CINEMATOGRAPHY (Black-and-White)
1967,CINEMATOGRAPHY (Color)
1967,COSTUME DESIGN (Black-and-White)
1967,COSTUME DESIGN (Color)
1967,DIRECTING
1967,DOCUMENTARY (Feature)
1967,DOCUMENTARY (Short Subject)
1967,FILM EDITING
1967,FOREIGN LANGUAGE FILM
1967,MUSIC (Original Music Score)
1967,MUSIC (Scoring of Music--adaptation or treatment)
1967,MUSIC (Song)
1967,BEST PICTURE
1967,SHORT SUBJECT (Cartoon)
1967,SHORT SUBJECT (Live Action)
1967,SOUND
1967,SOUND EFFECTS
1967,SPECIAL VISUAL EFFECTS
1967,WRITING (Screenplay--based on material from another medium)
1967,WRITING (Story and Screenplay--written directly for the screen)
1967,JEAN HERSHOLT HUMANITARIAN AWARD
1967,HONORARY AWARD
1967,IRVING G. THALBERG MEMORIAL AWARD
1968,ACTOR
1968,ACTOR IN A SUPPORTING ROLE
1968,ACTRESS
1968,ACTRESS IN A SUPPORTING ROLE
1968,ART DIRECTION
1968,CINEMATOGRAPHY
1968,COSTUME DESIGN
1968,DIRECTING
1968,DOCUMENTARY (Feature)
1968,DOCUMENTARY (Short Subject)
1968,FILM EDITING
1968,FOREIGN LANGUAGE FILM
1968,MUSIC (Original Music Score)
1968,MUSIC (Scoring of Music--adaptation or treatment)
1968,MUSIC (Song)
1968,BEST PICTURE
1968,SHORT SUBJECT (Cartoon)
1968,SHORT SUBJECT (Live Action)
1968,SOUND
1968,SOUND EFFECTS
1968,SPECIAL VISUAL EFFECTS
1968,WRITING (Screenplay--based on material from another medium)
1968,WRITING (Story and Screenplay--written directly for the screen)
1968,JEAN HERSHOLT HUMANITARIAN AWARD
1968,HONORARY AWARD
1968,IRVING G. THALBERG MEMORIAL AWARD
1969,ACTOR
1969,ACTOR IN A SUPPORTING ROLE
1969,ACTRESS
1969,ACTRESS IN A SUPPORTING ROLE
1969,ART DIRECTION
1969,CINEMATOGRAPHY
1969,COSTUME DESIGN
1969,DIRECTING
1969,DOCUMENTARY (Feature)
1969,DOCUMENTARY (Short Subject)
1969,FILM EDITING
1969,FOREIGN LANGUAGE FILM
1969,MUSIC (Original Score--for a motion picture [not a musical])
1969,MUSIC (Score of a Musical Picture--original or adaptation)
1969,MUSIC (Song--Original for the Picture)
1969,BEST PICTURE
1969,SHORT SUBJECT (Cartoon)
1969,SHORT SUBJECT (Live Action)
1969,SOUND
1969,SPECIAL VISUAL EFFECTS
1969,WRITING (Screenplay--based on material from another medium)
1969,WRITING (Story and Screenplay--written directly for the screen)
1969,JEAN HERSHOLT HUMANITARIAN AWARD
1969,HONORARY AWARD
1970,ACTOR
1970,ACTOR IN A SUPPORTING ROLE
1970,ACTRESS
1970,ACTRESS IN A SUPPORTING ROLE
1970,ART DIRECTION
1970,CINEMATOGRAPHY
1970,COSTUME DESIGN
1970,DIRECTING
1970,DOCUMENTARY (Feature)
1970,DOCUMENTARY (Short Subject)
1970,FILM EDITING
1970,FOREIGN LANGUAGE FILM
1970,MUSIC (Original Score--for a motion picture [not a musical])
1970,MUSIC (Score of a Musical Picture--original or adaptation)
1970,MUSIC (Song--Original for the Picture)
1970,BEST PICTURE
1970,SHORT SUBJECT (Cartoon)
1970,SHORT SUBJECT (Live Action)
1970,SOUND
1970,SPECIAL VISUAL EFFECTS
1970,WRITING (Screenplay--based on material from another medium)
1970,WRITING (Story and Screenplay--based on material not previously published or produced)
1970,JEAN HERSHOLT HUMANITARIAN AWARD
1970,HONORARY AWARD
1971,ACTOR
1971,ACTOR IN A SUPPORTING ROLE
1971,ACTRESS
1971,ACTRESS IN A SUPPORTING ROLE
1971,ART DIRECTION
1971,CINEMATOGRAPHY
1971,COSTUME DESIGN
1971,DIRECTING
1971,DOCUMENTARY (Feature)
1971,DOCUMENTARY (Short Subject)
1971,FILM EDITING
1971,FOREIGN LANGUAGE FILM
1971,MUSIC (Original Score)
1971,MUSIC (Original Song Score)
1971,MUSIC (Song--Original for the Picture)
1971,BEST PICTURE
1971,SHORT SUBJECT (Cartoon)
1971,SHORT SUBJECT (Live Action)
1971,SOUND
1971,SPECIAL VISUAL EFFECTS
1971,WRITING (Screenplay--based on material from another medium)
1971,WRITING (Story and Screenplay--based on factual material or material not previously published or produced)
1971,JEAN HERSHOLT HUMANITARIAN AWARD
1971,HONORARY AWARD
1971,IRVING G. THALBERG MEMORIAL AWARD
1972,ACTOR
1972,ACTOR IN A SUPPORTING ROLE
1972,ACTRESS
1972,ACTRESS IN A SUPPORTING ROLE
1972,ART DIRECTION
1972,CINEMATOGRAPHY
1972,COSTUME DESIGN
1972,DIRECTING
1972,DOCUMENTARY (Feature)
1972,DOCUMENTARY (Short Subject)
1972,FILM EDITING
1972,FOREIGN LANGUAGE FILM
1972,MUSIC (Original Dramatic Score)
1972,MUSIC (Scoring: Adaptation and Original Song Score)
1972,MUSIC (Song--Original for the Picture)
1972,BEST PICTURE
1972,SHORT SUBJECT (Animated)
1972,SHORT SUBJECT (Live Action)
1972,SOUND
1972,SPECIAL VISUAL EFFECTS
1972,WRITING (Screenplay--based on material from another medium)
1972,WRITING (Story and Screenplay--based on factual material or material not previously published or produced)
1972,HONORARY AWARD
1973,ACTOR
1973,ACTOR IN A SUPPORTING ROLE
1973,ACTRESS
1973,ACTRESS IN A SUPPORTING ROLE
1973,ART DIRECTION
1973,CINEMATOGRAPHY
1973,COSTUME DESIGN
1973,DIRECTING
1973,DOCUMENTARY (Feature)
1973,DOCUMENTARY (Short Subject)
1973,FILM EDITING
1973,FOREIGN LANGUAGE FILM
1973,MUSIC (Original Dramatic Score)
1973,MUSIC (Scoring: Adaptation and Original Song Score)
1973,MUSIC (Song--Original for the Picture)
1973,BEST PICTURE
1973,SHORT SUBJECT (Animated)
1973,SHORT SUBJECT (Live Action)
1973,SOUND
1973,WRITING (Screenplay--based on material from another medium)
1973,WRITING (Story and Screenplay--based on factual material or material not previously published or produced)
1973,SPECIAL ACHIEVEMENT AWARD (Visual Effects)
1973,JEAN HERSHOLT HUMANITARIAN AWARD
1973,HONORARY AWARD
1974,ACTOR
1974,ACTOR IN A SUPPORTING ROLE
1974,ACTRESS
1974,ACTRESS IN A SUPPORTING ROLE
1974,ART DIRECTION
1974,CINEMATOGRAPHY
1974,COSTUME DESIGN
1974,DIRECTING
1974,DOCUMENTARY (Feature)
1974,DOCUMENTARY (Short Subject)
1974,FILM EDITING
1974,FOREIGN LANGUAGE FILM
1974,MUSIC (Original Dramatic Score)
1974,MUSIC (Scoring: Original Song Score and Adaptation -or- Scoring: Adaptation)
1974,MUSIC (Song)
1974,BEST PICTURE
1974,SHORT SUBJECT (Animated)
1974,SHORT SUBJECT (Live Action)
1974,SOUND
1974,WRITING (Screenplay--based on material from another medium)
1974,WRITING (Story and Screenplay--based on factual material or material not previously published or produced)
1974,JEAN HERSHOLT HUMANITARIAN AWARD
1974,HONORARY AWARD
1974,IRVING G. THALBERG MEMORIAL AWARD
1975,ACTOR
1975,ACTOR IN A SUPPORTING ROLE
1975,ACTRESS
1975,ACTRESS IN A SUPPORTING ROLE
1975,ART DIRECTION
1975,CINEMATOGRAPHY
1975,COSTUME DESIGN
1975,DIRECTING
1975,DOCUMENTARY (Feature)
1975,DOCUMENTARY (Short Subject)
1975,FILM EDITING
1975,FOREIGN LANGUAGE FILM
1975,MUSIC (Original Dramatic Score)
1975,MUSIC (Scoring: Original Song Score and Adaptation -or- Scoring: Adaptation)
1975,MUSIC (Song)
1975,BEST PICTURE
1975,SHORT FILM (Animated)
1975,SHORT FILM (Live Action)
1975,SOUND
1975,WRITING (Original Screenplay)
1975,WRITING (Screenplay Adapted from Other Material)
1975,SPECIAL ACHIEVEMENT AWARD (Visual Effects)
1975,JEAN HERSHOLT HUMANITARIAN AWARD
1975,HONORARY AWARD
1976,ACTOR
1976,ACTOR IN A SUPPORTING ROLE
1976,ACTRESS
1976,ACTRESS IN A SUPPORTING ROLE
1976,ART DIRECTION
1976,CINEMATOGRAPHY
1976,COSTUME DESIGN
1976,DIRECTING
1976,DOCUMENTARY (Feature)
1976,DOCUMENTARY (Short Subject)
1976,FILM EDITING
1976,FOREIGN LANGUAGE FILM
1976,MUSIC (Original Score)
1976,MUSIC (Scoring: Original Song Score and Adaptation -or- Scoring: Adaptation)
1976,MUSIC (Original Song)
1976,BEST PICTURE
1976,SHORT FILM (Animated)
1976,SHORT FILM (Live Action)
1976,SOUND
1976,WRITING (Original Screenplay)
1976,WRITING (Screenplay Adapted from Other Material)
1976,SPECIAL ACHIEVEMENT AWARD (Sound Effects)
1976,SPECIAL ACHIEVEMENT AWARD (Visual Effects)
1976,JEAN HERSHOLT HUMANITARIAN AWARD
1976,HONORARY AWARD
1976,IRVING G. THALBERG MEMORIAL AWARD
1977,ACTOR IN A LEADING ROLE
1977,ACTOR IN A SUPPORTING ROLE
1977,ACTRESS IN A LEADING ROLE
1977,ACTRESS IN A SUPPORTING ROLE
1977,ART DIRECTION
1977,CINEMATOGRAPHY
1977,COSTUME DESIGN
1977,DIRECTING
1977,DOCUMENTARY (Feature)
1977,DOCUMENTARY (Short Subject)
1977,FILM EDITING
1977,FOREIGN LANGUAGE FILM
1977,MUSIC (Original Score)
1977,MUSIC (Original Song Score and Its Adaptation or Adaptation Score)
1977,MUSIC (Original Song)
1977,BEST PICTURE
1977,SHORT FILM (Animated)
1977,SHORT FILM (Live Action)
1977,SOUND
1977,WRITING (Screenplay--based on material from another medium)
1977,WRITING (Screenplay Written Directly for the Screen--based on factual material or on story material not previously published or produced)
1977,SPECIAL ACHIEVEMENT AWARD (Visual Effects)
1977,IRVING G. THALBERG MEMORIAL AWARD
1978,ACTOR IN A LEADING ROLE
1978,ACTOR IN A SUPPORTING ROLE
1978,ACTRESS IN A LEADING ROLE
1978,ACTRESS IN A SUPPORTING ROLE
1978,ART DIRECTION
1978,CINEMATOGRAPHY
1978,COSTUME DESIGN
1978,DIRECTING
1978,DOCUMENTARY (Feature)
1978,DOCUMENTARY (Short Subject)
1978,FILM EDITING
1978,FOREIGN LANGUAGE FILM
1978,MUSIC (Original Score)
1978,MUSIC (Original Song Score and Its Adaptation or Adaptation Score)
1978,MUSIC (Original Song)
1978,BEST PICTURE
1978,SHORT FILM (Animated)
1978,SHORT FILM (Live Action)
1978,SOUND
1978,VISUAL EFFECTS
1978,WRITING (Screenplay--based on material from another medium)
1978,WRITING (Screenplay Written Directly for the Screen--based on factual material or on story material not previously published or produced)
1978,SPECIAL ACHIEVEMENT AWARD
1978,SPECIAL ACHIEVEMENT AWARD (Sound Effects Editing)
1978,JEAN HERSHOLT HUMANITARIAN AWARD
1978,HONORARY AWARD
1978,IRVING G. THALBERG MEMORIAL AWARD
1979,ACTOR IN A LEADING ROLE
1979,ACTOR IN A SUPPORTING ROLE
1979,ACTRESS IN A LEADING ROLE
1979,ACTRESS IN A SUPPORTING ROLE
1979,ART DIRECTION
1979,CINEMATOGRAPHY
1979,COSTUME DESIGN
1979,DIRECTING
1979,DOCUMENTARY (Feature)
1979,DOCUMENTARY (Short Subject)
1979,FILM EDITING
1979,FOREIGN LANGUAGE FILM
1979,MUSIC (Adaptation Score)
1979,MUSIC (Original Score)
1979,MUSIC (Original Song)
1979,BEST PICTURE
1979,SHORT FILM (Animated)
1979,SHORT FILM (Live Action)
1979,SOUND
1979,WRITING (Screenplay Based on Material from Another Medium)
1979,WRITING (Screenplay Written Directly for the Screen)
1979,SPECIAL ACHIEVEMENT AWARD (Visual Effects)
1979,JEAN HERSHOLT HUMANITARIAN AWARD
1979,HONORARY AWARD
1980,ACTOR IN A LEADING ROLE
1980,ACTOR IN A SUPPORTING ROLE
1980,ACTRESS IN A LEADING ROLE
1980,ACTRESS IN A SUPPORTING ROLE
1980,ART DIRECTION
1980,CINEMATOGRAPHY
1980,COSTUME DESIGN
1980,DIRECTING
1980,DOCUMENTARY (Feature)
1980,DOCUMENTARY (Short Subject)
1980,FILM EDITING
1980,FOREIGN LANGUAGE FILM
1980,MUSIC (Original Score)
1980,MUSIC (Original Song Score and Its Adaptation -or- Adaptation Score)
1980,MUSIC (Original Song)
1980,BEST PICTURE
1980,SHORT FILM (Animated)
1980,SHORT FILM (Live Action)
1980,SOUND
1980,VISUAL EFFECTS
1980,WRITING (Screenplay Based on Material from Another Medium)
1980,WRITING (Screenplay Written Directly for the Screen)
1980,SPECIAL ACHIEVEMENT AWARD (Sound Editing)
1980,JEAN HERSHOLT HUMANITARIAN AWARD
1980,HONORARY AWARD
1980,IRVING G. THALBERG MEMORIAL AWARD
1981,ACTOR IN A LEADING ROLE
1981,ACTOR IN A SUPPORTING ROLE
1981,ACTRESS IN A LEADING ROLE
1981,ACTRESS IN A SUPPORTING ROLE
1981,ART DIRECTION
1981,CINEMATOGRAPHY
1981,COSTUME DESIGN
1981,DIRECTING
1981,DOCUMENTARY (Feature)
1981,DOCUMENTARY (Short Subject)
1981,FILM EDITING
1981,FOREIGN LANGUAGE FILM
1981,MUSIC (Original Score)
1981,MUSIC (Original Song)
1981,BEST PICTURE
1981,SHORT FILM (Animated)
1981,SHORT FILM (Dramatic Live Action)
1981,SOUND
1981,WRITING (Screenplay Based on Material from Another Medium)
1981,WRITING (Screenplay Written Directly for the Screen)
1981,SPECIAL ACHIEVEMENT AWARD (Visual Effects)
1981,HONORARY AWARD
1982,ACTOR IN A LEADING ROLE
1982,ACTOR IN A SUPPORTING ROLE
1982,ACTRESS IN A LEADING ROLE
1982,ACTRESS IN A SUPPORTING ROLE
1982,ART DIRECTION
1982,CINEMATOGRAPHY
1982,COSTUME DESIGN
1982,DIRECTING
1982,DOCUMENTARY (Feature)
1982,DOCUMENTARY (Short Subject)
1982,FILM EDITING
1982,FOREIGN LANGUAGE FILM
1982,MAKEUP
1982,MUSIC (Original Score)
1982,MUSIC (Original Song)
1982,BEST PICTURE
1982,SHORT FILM (Animated)
1982,SHORT FILM (Live Action)
1982,SOUND
1982,VISUAL EFFECTS
1982,WRITING (Screenplay Based on Material from Another Medium)
1982,WRITING (Screenplay Written Directly for the Screen)
1982,SPECIAL ACHIEVEMENT AWARD (Sound Effects Editing)
1982,JEAN HERSHOLT HUMANITARIAN AWARD
1982,HONORARY AWARD
1982,IRVING G. THALBERG MEMORIAL AWARD
1983,ACTOR IN A LEADING ROLE
1983,ACTOR IN A SUPPORTING ROLE
1983,ACTRESS IN A LEADING ROLE
1983,ACTRESS IN A SUPPORTING ROLE
1983,ART DIRECTION
1983,CINEMATOGRAPHY
1983,COSTUME DESIGN
1983,DIRECTING
1983,DOCUMENTARY (Feature)
1983,DOCUMENTARY (Short Subject)
1983,FILM EDITING
1983,FOREIGN LANGUAGE FILM
1983,MAKEUP
1983,MUSIC (Original Score)
1983,MUSIC (Original Song Score and Its Adaptation -or- Adaptation Score)
1983,MUSIC (Original Song)
1983,BEST PICTURE
1983,SHORT FILM (Animated)
1983,SHORT FILM (Live Action)
1983,SOUND
1983,SOUND EFFECTS EDITING
1983,VISUAL EFFECTS
1983,WRITING (Screenplay Based on Material from Another Medium)
1983,WRITING (Screenplay Written Directly for the Screen)
1983,JEAN HERSHOLT HUMANITARIAN AWARD
1983,HONORARY AWARD
1984,ACTOR IN A LEADING ROLE
1984,ACTOR IN A SUPPORTING ROLE
1984,ACTRESS IN A LEADING ROLE
1984,ACTRESS IN A SUPPORTING ROLE
1984,ART DIRECTION
1984,CINEMATOGRAPHY
1984,COSTUME DESIGN
1984,DIRECTING
1984,DOCUMENTARY (Feature)
1984,DOCUMENTARY (Short Subject)
1984,FILM EDITING
1984,FOREIGN LANGUAGE FILM
1984,MUSIC (Original Score)
1984,MUSIC (Original Song Score or Adaptation Score)
1984,MUSIC (Original Song)
1984,BEST PICTURE
1984,SHORT FILM (Animated)
1984,SHORT FILM (Live Action)
1984,SOUND
1984,SOUND EFFECTS EDITING
1984,WRITING (Screenplay Based on Material from Another Medium)
1984,WRITING (Screenplay Written Directly for the Screen)
1984,SPECIAL ACHIEVEMENT AWARD (Visual Effects)
1984,JEAN HERSHOLT HUMANITARIAN AWARD
1984,HONORARY AWARD
1985,ACTOR IN A LEADING ROLE
1985,ACTOR IN A SUPPORTING ROLE
1985,ACTRESS IN A LEADING ROLE
1985,ACTRESS IN A SUPPORTING ROLE
1985,ART DIRECTION
1985,CINEMATOGRAPHY
1985,COSTUME DESIGN
1985,DIRECTING
1985,DOCUMENTARY (Feature)
1985,DOCUMENTARY (Short Subject)
1985,FILM EDITING
1985,FOREIGN LANGUAGE FILM
1985,MAKEUP
1985,MUSIC (Original Score)
1985,MUSIC (Original Song Score)
1985,MUSIC (Original Song)
1985,BEST PICTURE
1985,SHORT FILM (Animated)
1985,SHORT FILM (Live Action)
1985,SOUND
1985,VISUAL EFFECTS
1985,WRITING (Screenplay Based on Material from Another Medium)
1985,WRITING (Screenplay Written Directly for the Screen)
1985,SPECIAL ACHIEVEMENT AWARD (Sound Effects Editing)
1985,JEAN HERSHOLT HUMANITARIAN AWARD
1985,HONORARY AWARD
1986,ACTOR IN A LEADING ROLE
1986,ACTOR IN A SUPPORTING ROLE
1986,ACTRESS IN A LEADING ROLE
1986,ACTRESS IN A SUPPORTING ROLE
1986,ART DIRECTION
1986,CINEMATOGRAPHY
1986,COSTUME DESIGN
1986,DIRECTING
1986,DOCUMENTARY (Feature)
1986,DOCUMENTARY (Short Subject)
1986,FILM EDITING
1986,FOREIGN LANGUAGE FILM
1986,MAKEUP
1986,MUSIC (Original Score)
1986,MUSIC (Original Song)
1986,BEST PICTURE
1986,SHORT FILM (Animated)
1986,SHORT FILM (Live Action)
1986,SOUND
1986,SOUND EFFECTS EDITING
1986,VISUAL EFFECTS
1986,WRITING (Screenplay Based on Material from Another Medium)
1986,WRITING (Screenplay Written Directly for the Screen)
1986,JEAN HERSHOLT HUMANITARIAN AWARD
1986,HONORARY AWARD
1987,ACTOR IN A LEADING ROLE
1987,ACTOR IN A SUPPORTING ROLE
1987,ACTRESS IN A LEADING ROLE
1987,ACTRESS IN A SUPPORTING ROLE
1987,ART DIRECTION
1987,CINEMATOGRAPHY
1987,COSTUME DESIGN
1987,DIRECTING
1987,DOCUMENTARY (Feature)
1987,DOCUMENTARY (Short Subject)
1987,FILM EDITING
1987,FOREIGN LANGUAGE FILM
1987,MAKEUP
1987,MUSIC (Original Score)
1987,MUSIC (Original Song)
1987,BEST PICTURE
1987,SHORT FILM (Animated)
1987,SHORT FILM (Live Action)
1987,SOUND
1987,SOUND EFFECTS EDITING
1987,VISUAL EFFECTS
1987,WRITING (Screenplay Based on Material from Another Medium)
1987,WRITING (Screenplay Written Directly for the Screen)
1987,HONORARY AWARD
1987,IRVING G. THALBERG MEMORIAL AWARD
1988,ACTOR IN A LEADING ROLE
1988,ACTOR IN A SUPPORTING ROLE
1988,ACTRESS IN A LEADING ROLE
1988,ACTRESS IN A SUPPORTING ROLE
1988,ART DIRECTION
1988,CINEMATOGRAPHY
1988,COSTUME DESIGN
1988,DIRECTING
1988,DOCUMENTARY (Feature)
1988,DOCUMENTARY (Short Subject)
1988,FILM EDITING
1988,FOREIGN LANGUAGE FILM
1988,MAKEUP
1988,MUSIC (Original Score)
1988,MUSIC (Original Song)
1988,BEST PICTURE
1988,SHORT FILM (Animated)
1988,SHORT FILM (Live Action)
1988,SOUND
1988,VISUAL EFFECTS
1988,WRITING (Screenplay Based on Material from Another Medium)
1988,WRITING (Screenplay Written Directly for the Screen)
1988,SPECIAL ACHIEVEMENT AWARD (Sound Effects Editing)
1988,IRVING G. THALBERG MEMORIAL AWARD
1989,ACTOR IN A LEADING ROLE
1989,ACTOR IN A SUPPORTING ROLE
1989,ACTRESS IN A LEADING ROLE
1989,ACTRESS IN A SUPPORTING ROLE
1989,ART DIRECTION
1989,CINEMATOGRAPHY
1989,COSTUME DESIGN
1989,DIRECTING
1989,DOCUMENTARY (Feature)
1989,DOCUMENTARY (Short Subject)
1989,FILM EDITING
1989,FOREIGN LANGUAGE FILM
1989,MAKEUP
1989,MUSIC (Original Score)
1989,MUSIC (Original Song)
1989,BEST PICTURE
1989,SHORT FILM (Animated)
1989,SHORT FILM (Live Action)
1989,SOUND
1989,SOUND EFFECTS EDITING
1989,VISUAL EFFECTS
1989,WRITING (Screenplay Based on Material from Another Medium)
1989,WRITING (Screenplay Written Directly for the Screen)
1989,SPECIAL ACHIEVEMENT AWARD
1989,HONORARY AWARD
1990,ACTOR IN A LEADING ROLE
1990,ACTOR IN A SUPPORTING ROLE
1990,ACTRESS IN A LEADING ROLE
1990,ACTRESS IN A SUPPORTING ROLE
1990,ART DIRECTION
1990,CINEMATOGRAPHY
1990,COSTUME DESIGN
1990,DIRECTING
1990,DOCUMENTARY (Feature)
1990,DOCUMENTARY (Short Subject)
1990,FILM EDITING
1990,FOREIGN LANGUAGE FILM
1990,MAKEUP
1990,MUSIC (Original Score)
1990,MUSIC (Original Song)
1990,BEST PICTURE
1990,SHORT FILM (Animated)
1990,SHORT FILM (Live Action)
1990,SOUND
1990,SOUND EFFECTS EDITING
1990,VISUAL EFFECTS
1990,WRITING (Screenplay Based on Material from Another Medium)
1990,WRITING (Screenplay Written Directly for the Screen)
1990,JEAN HERSHOLT HUMANITARIAN AWARD
1990,HONORARY AWARD
1991,ACTOR IN A LEADING ROLE
1991,ACTOR IN A SUPPORTING ROLE
1991,ACTRESS IN A LEADING ROLE
1991,ACTRESS IN A SUPPORTING ROLE
1991,ART DIRECTION
1991,CINEMATOGRAPHY
1991,COSTUME DESIGN
1991,DIRECTING
1991,DOCUMENTARY (Feature)
1991,DOCUMENTARY (Short Subject)
1991,FILM EDITING
1991,FOREIGN LANGUAGE FILM
1991,MAKEUP
1991,MUSIC (Original Score)
1991,MUSIC (Original Song)
1991,BEST PICTURE
1991,SHORT FILM (Animated)
1991,SHORT FILM (Live Action)
1991,SOUND
1991,SOUND EFFECTS EDITING
1991,WRITING (Screenplay Based on Material from Another Medium)
1991,WRITING (Screenplay Written Directly for the Screen)
1991,SPECIAL ACHIEVEMENT AWARD (Visual Effects)
1991,HONORARY AWARD
1991,IRVING G. THALBERG MEMORIAL AWARD
1992,ACTOR IN A LEADING ROLE
1992,ACTOR IN A SUPPORTING ROLE
1992,ACTRESS IN A LEADING ROLE
1992,ACTRESS IN A SUPPORTING ROLE
1992,ART DIRECTION
1992,CINEMATOGRAPHY
1992,COSTUME DESIGN
1992,DIRECTING
1992,DOCUMENTARY (Feature)
1992,DOCUMENTARY (Short Subject)
1992,FILM EDITING
1992,FOREIGN LANGUAGE FILM
1992,MAKEUP
1992,MUSIC (Original Score)
1992,MUSIC (Original Song)
1992,BEST PICTURE
1992,SHORT FILM (Animated)
1992,SHORT FILM (Live Action)
1992,SOUND
1992,SOUND EFFECTS EDITING
1992,VISUAL EFFECTS
1992,WRITING (Screenplay Based on Material Previously Produced or Published)
1992,WRITING (Screenplay Written Directly for the Screen)
1992,HONORARY AWARD
1992,IRVING G. THALBERG MEMORIAL AWARD
1993,ACTOR IN A LEADING ROLE
1993,ACTOR IN A SUPPORTING ROLE
1993,ACTRESS IN A LEADING ROLE
1993,ACTRESS IN A SUPPORTING ROLE
1993,ART DIRECTION
1993,CINEMATOGRAPHY
1993,COSTUME DESIGN
1993,DIRECTING
1993,DOCUMENTARY (Feature)
1993,DOCUMENTARY (Short Subject)
1993,FILM EDITING
1993,FOREIGN LANGUAGE FILM
1993,MAKEUP
1993,MUSIC (Original Score)
1993,MUSIC (Original Song)
1993,BEST PICTURE
1993,SHORT FILM (Animated)
1993,SHORT FILM (Live Action)
1993,SOUND
1993,SOUND EFFECTS EDITING
1993,VISUAL EFFECTS
1993,WRITING (Screenplay Based on Material Previously Produced or Published)
1993,WRITING (Screenplay Written Directly for the Screen)
1993,JEAN HERSHOLT HUMANITARIAN AWARD
1993,HONORARY AWARD
1994,ACTOR IN A LEADING ROLE
1994,ACTOR IN A SUPPORTING ROLE
1994,ACTRESS IN A LEADING ROLE
1994,ACTRESS IN A SUPPORTING ROLE
1994,ART DIRECTION
1994,CINEMATOGRAPHY
1994,COSTUME DESIGN
1994,DIRECTING
1994,DOCUMENTARY (Feature)
1994,DOCUMENTARY (Short Subject)
1994,FILM EDITING
1994,FOREIGN LANGUAGE FILM
1994,MAKEUP
1994,MUSIC (Original Score)
1994,MUSIC (Original Song)
1994,BEST PICTURE
1994,SHORT FILM (Animated)
1994,SHORT FILM (Live Action)
1994,SOUND
1994,SOUND EFFECTS EDITING
1994,VISUAL EFFECTS
1994,WRITING (Screenplay Based on Material Previously Produced or Published)
1994,WRITING (Screenplay Written Directly for the Screen)
1994,JEAN HERSHOLT HUMANITARIAN AWARD
1994,HONORARY AWARD
1995,ACTOR IN A LEADING ROLE
1995,ACTOR IN A SUPPORTING ROLE
1995,ACTRESS IN A LEADING ROLE
1995,ACTRESS IN A SUPPORTING ROLE
1995,ART DIRECTION
1995,CINEMATOGRAPHY
1995,COSTUME DESIGN
1995,DIRECTING
1995,DOCUMENTARY (Feature)
1995,DOCUMENTARY (Short Subject)
1995,FILM EDITING
1995,FOREIGN LANGUAGE FILM
1995,MAKEUP
1995,MUSIC (Original Score)
1995,MUSIC (Original Song)
1995,BEST PICTURE
1995,SHORT FILM (Animated)
1995,SHORT FILM (Live Action)
1995,SOUND
1995,SOUND EFFECTS EDITING
1995,VISUAL EFFECTS
1995,WRITING (Screenplay Based on Material Previously Produced or Published)
1995,WRITING (Screenplay Written Directly for the Screen)
1995,JEAN HERSHOLT HUMANITARIAN AWARD
1995,HONORARY AWARD
1995,IRVING G. THALBERG MEMORIAL AWARD
1996,ACTOR IN A LEADING ROLE
1996,ACTOR IN A SUPPORTING ROLE
1996,ACTRESS IN A LEADING ROLE
1996,ACTRESS IN A SUPPORTING ROLE
1996,ART DIRECTION
1996,CINEMATOGRAPHY
1996,COSTUME DESIGN
1996,DIRECTING
1996,DOCUMENTARY (Feature)
1996,DOCUMENTARY (Short Subject)
1996,FILM EDITING
1996,FOREIGN LANGUAGE FILM
1996,MAKEUP
1996,MUSIC (Original Dramatic Score)
1996,MUSIC (Original Musical or Comedy Score)
1996,MUSIC (Original Song)
1996,BEST PICTURE
1996,SHORT FILM (Animated)
1996,SHORT FILM (Live Action)
1996,SOUND
1996,SOUND EFFECTS EDITING
1996,VISUAL EFFECTS
1996,WRITING (Screenplay Based on Material Previously Produced or Published)
1996,WRITING (Screenplay Written Directly for the Screen)
1996,SPECIAL ACHIEVEMENT AWARD
1996,HONORARY AWARD
1997,ACTOR IN A LEADING ROLE
1997,ACTOR IN A SUPPORTING ROLE
1997,ACTRESS IN A LEADING ROLE
1997,ACTRESS IN A SUPPORTING ROLE
1997,ART DIRECTION
1997,CINEMATOGRAPHY
1997,COSTUME DESIGN
1997,DIRECTING
1997,DOCUMENTARY (Feature)
1997,DOCUMENTARY (Short Subject)
1997,FILM EDITING
1997,FOREIGN LANGUAGE FILM
1997,MAKEUP
1997,MUSIC (Original Dramatic Score)
1997,MUSIC (Original Musical or Comedy Score)
1997,MUSIC (Original Song)
1997,BEST PICTURE
1997,SHORT FILM (Animated)
1997,SHORT FILM (Live Action)
1997,SOUND
1997,SOUND EFFECTS EDITING
1997,VISUAL EFFECTS
1997,WRITING (Screenplay Based on Material Previously Produced or Published)
1997,WRITING (Screenplay Written Directly for the Screen)
1997,HONORARY AWARD
1997,IRVING G. THALBERG MEMORIAL AWARD
1998,ACTOR IN A LEADING ROLE
1998,ACTOR IN A SUPPORTING ROLE
1998,ACTRESS IN A LEADING ROLE
1998,ACTRESS IN A SUPPORTING ROLE
1998,ART DIRECTION
1998,CINEMATOGRAPHY
1998,COSTUME DESIGN
1998,DIRECTING
1998,DOCUMENTARY (Feature)
1998,DOCUMENTARY (Short Subject)
1998,FILM EDITING
1998,FOREIGN LANGUAGE FILM
1998,MAKEUP
1998,MUSIC (Original Dramatic Score)
1998,MUSIC (Original Musical or Comedy Score)
1998,MUSIC (Original Song)
1998,BEST PICTURE
1998,SHORT FILM (Animated)
1998,SHORT FILM (Live Action)
1998,SOUND
1998,SOUND EFFECTS EDITING
1998,VISUAL EFFECTS
1998,WRITING (Screenplay Based on Material Previously Produced or Published)
1998,WRITING (Screenplay Written Directly for the Screen)
1998,HONORARY AWARD
1999,ACTOR IN A LEADING ROLE
1999,ACTOR IN A SUPPORTING ROLE
1999,ACTRESS IN A LEADING ROLE
1999,ACTRESS IN A SUPPORTING ROLE
1999,ART DIRECTION
1999,CINEMATOGRAPHY
1999,COSTUME DESIGN
1999,DIRECTING
1999,DOCUMENTARY (Feature)
1999,DOCUMENTARY (Short Subject)
1999,FILM EDITING
1999,FOREIGN LANGUAGE FILM
1999,MAKEUP
1999,MUSIC (Original Dramatic Score)
1999,MUSIC (Original Musical or Comedy Score)
1999,MUSIC (Original Song)
1999,BEST PICTURE
1999,SHORT FILM (Animated)
1999,SHORT FILM (Live Action)
1999,SOUND
1999,SOUND EFFECTS EDITING
1999,VISUAL EFFECTS
1999,WRITING (Screenplay Based on Material Previously Produced or Published)
1999,WRITING (Screenplay Written Directly for the Screen)
1999,HONORARY AWARD
1999,IRVING G. THALBERG MEMORIAL AWARD
2000,ACTOR IN A LEADING ROLE
2000,ACTOR IN A SUPPORTING ROLE
2000,ACTRESS IN A LEADING ROLE
2000,ACTRESS IN A SUPPORTING ROLE
2000,ART DIRECTION
2000,CINEMATOGRAPHY
2000,COSTUME DESIGN
2000,DIRECTING
2000,DOCUMENTARY (Feature)
2000,DOCUMENTARY (Short Subject)
2000,FILM EDITING
2000,FOREIGN LANGUAGE FILM
2000,MAKEUP
2000,MUSIC (Original Score)
2000,MUSIC (Original Song)
2000,BEST PICTURE
2000,SHORT FILM (Animated)
2000,SHORT FILM (Live Action)
2000,SOUND
2000,SOUND EFFECTS EDITING
2000,VISUAL EFFECTS
2000,WRITING (Screenplay Based on Material Previously Produced or Published)
2000,WRITING (Screenplay Written Directly for the Screen)
2000,HONORARY AWARD
2000,IRVING G. THALBERG MEMORIAL AWARD
2001,ACTOR IN A LEADING ROLE
2001,ACTOR IN A SUPPORTING ROLE
2001,ACTRESS IN A LEADING ROLE
2001,ACTRESS IN A SUPPORTING ROLE
2001,ART DIRECTION
2001,CINEMATOGRAPHY
2001,COSTUME DESIGN
2001,DIRECTING
2001,DOCUMENTARY (Feature)
2001,DOCUMENTARY (Short Subject)
2001,FILM EDITING
2001,FOREIGN LANGUAGE FILM
2001,MAKEUP
2001,MUSIC (Original Score)
2001,MUSIC (Original Song)
2001,BEST PICTURE
2001,SHORT FILM (Animated)
2001,SHORT FILM (Live Action)
2001,SOUND
2001,SOUND EDITING
2001,VISUAL EFFECTS
2001,WRITING (Screenplay Based on Material Previously Produced or Published)
2001,WRITING (Screenplay Written Directly for the Screen)
2001,HONORARY AWARD
2001,IRVING G. THALBERG MEMORIAL AWARD
2002,ACTOR IN A LEADING ROLE
2002,ACTOR IN A SUPPORTING ROLE
2002,ACTRESS IN A LEADING ROLE
2002,ACTRESS IN A SUPPORTING ROLE
2002,ANIMATED FEATURE FILM
2002,ART DIRECTION
2002,CINEMATOGRAPHY
2002,COSTUME DESIGN
2002,DIRECTING
2002,DOCUMENTARY (Feature)
2002,DOCUMENTARY (Short Subject)
2002,FILM EDITING
2002,FOREIGN LANGUAGE FILM
2002,MAKEUP
2002,MUSIC (Original Score)
2002,MUSIC (Original Song)
2002,BEST PICTURE
2002,SHORT FILM (Animated)
2002,SHORT FILM (Live Action)
2002,SOUND
2002,SOUND EDITING
2002,VISUAL EFFECTS
2002,WRITING (Screenplay Based on Material Previously Produced or Published)
2002,WRITING (Screenplay Written Directly for the Screen)
2002,JEAN HERSHOLT HUMANITARIAN AWARD
2002,HONORARY AWARD
2003,ACTOR IN A LEADING ROLE
2003,ACTOR IN A SUPPORTING ROLE
2003,ACTRESS IN A LEADING ROLE
2003,ACTRESS IN A SUPPORTING ROLE
2003,ANIMATED FEATURE FILM
2003,ART DIRECTION
2003,CINEMATOGRAPHY
2003,COSTUME DESIGN
2003,DIRECTING
2003,DOCUMENTARY (Feature)
2003,DOCUMENTARY (Short Subject)
2003,FILM EDITING
2003,FOREIGN LANGUAGE FILM
2003,MAKEUP
2003,MUSIC (Original Score)
2003,MUSIC (Original Song)
2003,BEST PICTURE
2003,SHORT FILM (Animated)
2003,SHORT FILM (Live Action)
2003,SOUND
2003,SOUND EDITING
2003,VISUAL EFFECTS
2003,WRITING (Adapted Screenplay)
2003,WRITING (Original Screenplay)
2003,HONORARY AWARD
2004,ACTOR IN A LEADING ROLE
2004,ACTOR IN A SUPPORTING ROLE
2004,ACTRESS IN A LEADING ROLE
2004,ACTRESS IN A SUPPORTING ROLE
2004,ANIMATED FEATURE FILM
2004,ART DIRECTION
2004,CINEMATOGRAPHY
2004,COSTUME DESIGN
2004,DIRECTING
2004,DOCUMENTARY (Feature)
2004,DOCUMENTARY (Short Subject)
2004,FILM EDITING
2004,FOREIGN LANGUAGE FILM
2004,MAKEUP
2004,MUSIC (Original Score)
2004,MUSIC (Original Song)
2004,BEST PICTURE
2004,SHORT FILM (Animated)
2004,SHORT FILM (Live Action)
2004,SOUND EDITING
2004,SOUND MIXING
2004,VISUAL EFFECTS
2004,WRITING (Adapted Screenplay)
2004,WRITING (Original Screenplay)
2004,HONORARY AWARD
2005,ACTOR IN A LEADING ROLE
2005,ACTOR IN A SUPPORTING ROLE
2005,ACTRESS IN A LEADING ROLE
2005,ACTRESS IN A SUPPORTING ROLE
2005,ANIMATED FEATURE FILM
2005,ART DIRECTION
2005,CINEMATOGRAPHY
2005,COSTUME DESIGN
2005,DIRECTING
2005,DOCUMENTARY (Feature)
2005,DOCUMENTARY (Short Subject)
2005,FILM EDITING
2005,FOREIGN LANGUAGE FILM
2005,MAKEUP
2005,MUSIC (Original Score)
2005,MUSIC (Original Song)
2005,BEST PICTURE
2005,SHORT FILM (Animated)
2005,SHORT FILM (Live Action)
2005,SOUND EDITING
2005,SOUND MIXING
2005,VISUAL EFFECTS
2005,WRITING (Adapted Screenplay)
2005,WRITING (Original Screenplay)
2005,JEAN HERSHOLT HUMANITARIAN AWARD
2005,HONORARY AWARD
2006,ACTOR IN A LEADING ROLE
2006,ACTOR IN A SUPPORTING ROLE
2006,ACTRESS IN A LEADING ROLE
2006,ACTRESS IN A SUPPORTING ROLE
2006,ANIMATED FEATURE FILM
2006,ART DIRECTION
2006,CINEMATOGRAPHY
2006,COSTUME DESIGN
2006,DIRECTING
2006,DOCUMENTARY (Feature)
2006,DOCUMENTARY (Short Subject)
2006,FILM EDITING
2006,FOREIGN LANGUAGE FILM
2006,MAKEUP
2006,MUSIC (Original Score)
2006,MUSIC (Original Song)
2006,BEST PICTURE
2006,SHORT FILM (Animated)
2006,SHORT FILM (Live Action)
2006,SOUND EDITING
2006,SOUND MIXING
2006,VISUAL EFFECTS
2006,WRITING (Adapted Screenplay)
2006,WRITING (Original Screenplay)
2006,HONORARY AWARD
2007,ACTOR IN A LEADING ROLE
2007,ACTOR IN A SUPPORTING ROLE
2007,ACTRESS IN A LEADING ROLE
2007,ACTRESS IN A SUPPORTING ROLE
2007,ANIMATED FEATURE FILM
2007,ART DIRECTION
2007,CINEMATOGRAPHY
2007,COSTUME DESIGN
2007,DIRECTING
2007,DOCUMENTARY (Feature)
2007,DOCUMENTARY (Short Subject)
2007,FILM EDITING
2007,FOREIGN LANGUAGE FILM
2007,MAKEUP
2007,MUSIC (Original Score)
2007,MUSIC (Original Song)
2007,BEST PICTURE
2007,SHORT FILM (Animated)
2007,SHORT FILM (Live Action)
2007,SOUND EDITING
2007,SOUND MIXING
2007,VISUAL EFFECTS
2007,WRITING (Adapted Screenplay)
2007,WRITING (Original Screenplay)
2007,JEAN HERSHOLT HUMANITARIAN AWARD
2007,HONORARY AWARD
2008,ACTOR IN A LEADING ROLE
2008,ACTOR IN A SUPPORTING ROLE
2008,ACTRESS IN A LEADING ROLE
2008,ACTRESS IN A SUPPORTING ROLE
2008,ANIMATED FEATURE FILM
2008,ART DIRECTION
2008,CINEMATOGRAPHY
2008,COSTUME DESIGN
2008,DIRECTING
2008,DOCUMENTARY (Feature)
2008,DOCUMENTARY (Short Subject)
2008,FILM EDITING
2008,FOREIGN LANGUAGE FILM
2008,MAKEUP
2008,MUSIC (Original Score)
2008,MUSIC (Original Song)
2008,BEST PICTURE
2008,SHORT FILM (Animated)
2008,SHORT FILM (Live Action)
2008,SOUND EDITING
2008,SOUND MIXING
2008,VISUAL EFFECTS
2008,WRITING (Adapted Screenplay)
2008,WRITING (Original Screenplay)
2008,HONORARY AWARD
2009,ACTOR IN A LEADING ROLE
2009,ACTOR IN A SUPPORTING ROLE
2009,ACTRESS IN A LEADING ROLE
2009,ACTRESS IN A SUPPORTING ROLE
2009,ANIMATED FEATURE FILM
2009,ART DIRECTION
2009,CINEMATOGRAPHY
2009,COSTUME DESIGN
2009,DIRECTING
2009,DOCUMENTARY (Feature)
2009,DOCUMENTARY (Short Subject)
2009,FILM EDITING
2009,FOREIGN LANGUAGE FILM
2009,MAKEUP
2009,MUSIC (Original Score)
2009,MUSIC (Original Song)
2009,BEST PICTURE
2009,SHORT FILM (Animated)
2009,SHORT FILM (Live Action)
2009,SOUND EDITING
2009,SOUND MIXING
2009,VISUAL EFFECTS
2009,WRITING (Adapted Screenplay)
2009,WRITING (Original Screenplay)
2009,JEAN HERSHOLT HUMANITARIAN AWARD
2010,ACTOR IN A LEADING ROLE
2010,ACTOR IN A SUPPORTING ROLE
2010,ACTRESS IN A LEADING ROLE
2010,ACTRESS IN A SUPPORTING ROLE
2010,ANIMATED FEATURE FILM
2010,ART DIRECTION
2010,CINEMATOGRAPHY
2010,COSTUME DESIGN
2010,DIRECTING
2010,DOCUMENTARY (Feature)
2010,DOCUMENTARY (Short Subject)
2010,FILM EDITING
2010,FOREIGN LANGUAGE FILM
2010,MAKEUP
2010,MUSIC (Original Score)
2010,MUSIC (Original Song)
2010,BEST PICTURE
2010,SHORT FILM (Animated)
2010,SHORT FILM (Live Action)
2010,SOUND EDITING
2010,SOUND MIXING
2010,VISUAL EFFECTS
2010,WRITING (Adapted Screenplay)
2010,WRITING (Original Screenplay)
2010,HONORARY AWARD
2010,IRVING G. THALBERG MEMORIAL AWARD
2011,ACTOR IN A LEADING ROLE
2011,ACTOR IN A SUPPORTING ROLE
2011,ACTRESS IN A LEADING ROLE
2011,ACTRESS IN A SUPPORTING ROLE
2011,ANIMATED FEATURE FILM
2011,ART DIRECTION
2011,CINEMATOGRAPHY
2011,COSTUME DESIGN
2011,DIRECTING
2011,DOCUMENTARY (Feature)
2011,DOCUMENTARY (Short Subject)
2011,FILM EDITING
2011,FOREIGN LANGUAGE FILM
2011,MAKEUP
2011,MUSIC (Original Score)
2011,MUSIC (Original Song)
2011,BEST PICTURE
2011,SHORT FILM (Animated)
2011,SHORT FILM (Live Action)
2011,SOUND EDITING
2011,SOUND MIXING
2011,VISUAL EFFECTS
2011,WRITING (Adapted Screenplay)
2011,WRITING (Original Screenplay)
2011,HONORARY AWARD
2011,IRVING G. THALBERG MEMORIAL AWARD
2012,ACTOR IN A LEADING ROLE
2012,ACTOR IN A SUPPORTING ROLE
2012,ACTRESS IN A LEADING ROLE
2012,ACTRESS IN A SUPPORTING ROLE
2012,ANIMATED FEATURE FILM
2012,ART DIRECTION
2012,CINEMATOGRAPHY
2012,COSTUME DESIGN
2012,DIRECTING
2012,DOCUMENTARY (Feature)
2012,DOCUMENTARY (Short Subject)
2012,FILM EDITING
2012,FOREIGN LANGUAGE FILM
2012,MAKEUP
2012,MUSIC (Original Score)
2012,MUSIC (Original Song)
2012,BEST PICTURE
2012,SHORT FILM (Animated)
2012,SHORT FILM (Live Action)
2012,SOUND EDITING
2012,SOUND MIXING
2012,VISUAL EFFECTS
2012,WRITING (Adapted Screenplay)
2012,WRITING (Original Screenplay)
2012,JEAN HERSHOLT HUMANITARIAN AWARD
2012,HONORARY AWARD
2013,ACTOR IN A LEADING ROLE
2013,ACTOR IN A SUPPORTING ROLE
2013,ACTRESS IN A LEADING ROLE
2013,ACTRESS IN A SUPPORTING ROLE
2013,ANIMATED FEATURE FILM
2013,CINEMATOGRAPHY
2013,COSTUME DESIGN
2013,DIRECTING
2013,DOCUMENTARY (Feature)
2013,DOCUMENTARY (Short Subject)
2013,FILM EDITING
2013,FOREIGN LANGUAGE FILM
2013,MAKEUP AND HAIRSTYLING
2013,MUSIC (Original Score)
2013,MUSIC (Original Song)
2013,BEST PICTURE
2013,PRODUCTION DESIGN
2013,SHORT FILM (Animated)
2013,SHORT FILM (Live Action)
2013,SOUND EDITING
2013,SOUND MIXING
2013,VISUAL EFFECTS
2013,WRITING (Adapted Screenplay)
2013,WRITING (Original Screenplay)
2013,JEAN HERSHOLT HUMANITARIAN AWARD
2013,HONORARY AWARD
2014,ACTOR IN A LEADING ROLE
2014,ACTOR IN A SUPPORTING ROLE
2014,ACTRESS IN A LEADING ROLE
2014,ACTRESS IN A SUPPORTING ROLE
2014,ANIMATED FEATURE FILM
2014,CINEMATOGRAPHY
2014,COSTUME DESIGN
2014,DIRECTING
2014,DOCUMENTARY (Feature)
2014,DOCUMENTARY (Short Subject)
2014,FILM EDITING
2014,FOREIGN LANGUAGE FILM
2014,MAKEUP AND HAIRSTYLING
2014,MUSIC (Original Score)
2014,MUSIC (Original Song)
2014,BEST PICTURE
2014,PRODUCTION DESIGN
2014,SHORT FILM (Animated)
2014,SHORT FILM (Live Action)
2014,SOUND EDITING
2014,SOUND MIXING
2014,VISUAL EFFECTS
2014,WRITING (Adapted Screenplay)
2014,WRITING (Original Screenplay)
2014,JEAN HERSHOLT HUMANITARIAN AWARD
2014,HONORARY AWARD
2015,ACTOR IN A LEADING ROLE
2015,ACTOR IN A SUPPORTING ROLE
2015,ACTRESS IN A LEADING ROLE
2015,ACTRESS IN A SUPPORTING ROLE
2015,ANIMATED FEATURE FILM
2015,CINEMATOGRAPHY
2015,COSTUME DESIGN
2015,DIRECTING
2015,DOCUMENTARY (Feature)
2015,DOCUMENTARY (Short Subject)
2015,FILM EDITING
2015,FOREIGN LANGUAGE FILM
2015,MAKEUP AND HAIRSTYLING
2015,MUSIC (Original Score)
2015,MUSIC (Original Song)
2015,BEST PICTURE
2015,PRODUCTION DESIGN
2015,SHORT FILM (Animated)
2015,SHORT FILM (Live Action)
2015,SOUND EDITING
2015,SOUND MIXING
2015,VISUAL EFFECTS
2015,WRITING (Adapted Screenplay)
2015,WRITING (Original Screenplay)
2015,JEAN HERSHOLT HUMANITARIAN AWARD
2015,HONORARY AWARD
2016,ACTOR IN A LEADING ROLE
2016,ACTOR IN A SUPPORTING ROLE
2016,ACTRESS IN A LEADING ROLE
2016,ACTRESS IN A SUPPORTING ROLE
2016,ANIMATED FEATURE FILM
2016,CINEMATOGRAPHY
2016,COSTUME DESIGN
2016,DIRECTING
2016,DOCUMENTARY (Feature)
2016,DOCUMENTARY (Short Subject)
2016,FILM EDITING
2016,FOREIGN LANGUAGE FILM
2016,MAKEUP AND HAIRSTYLING
2016,MUSIC (Original Score)
2016,MUSIC (Original Song)
2016,BEST PICTURE
2016,PRODUCTION DESIGN
2016,SHORT FILM (Animated)
2016,SHORT FILM (Live Action)
2016,SOUND EDITING
2016,SOUND MIXING
2016,VISUAL EFFECTS
2016,WRITING (Adapted Screenplay)
2016,WRITING (Original Screenplay)
2016,JEAN HERSHOLT HUMANITARIAN AWARD
2016,HONORARY AWARD
2017,ACTOR IN A LEADING ROLE
2017,ACTOR IN A SUPPORTING ROLE
2017,ACTRESS IN A LEADING ROLE
2017,ACTRESS IN A SUPPORTING ROLE
2017,ANIMATED FEATURE FILM
2017,CINEMATOGRAPHY
2017,COSTUME DESIGN
2017,DIRECTING
2017,DOCUMENTARY (Feature)
2017,DOCUMENTARY (Short Subject)
2017,FILM EDITING
2017,FOREIGN LANGUAGE FILM
2017,MAKEUP AND HAIRSTYLING
2017,MUSIC (Original Score)
2017,MUSIC (Original Song)
2017,BEST PICTURE
2017,PRODUCTION DESIGN
2017,SHORT FILM (Animated)
2017,SHORT FILM (Live Action)
2017,SOUND EDITING
2017,SOUND MIXING
2017,VISUAL EFFECTS
2017,WRITING (Adapted Screenplay)
2017,WRITING (Original Screenplay)
2017,HONORARY AWARD
2018,ACTOR IN A LEADING ROLE
2018,ACTOR IN A SUPPORTING ROLE
2018,ACTRESS IN A LEADING ROLE
2018,ACTRESS IN A SUPPORTING ROLE
2018,ANIMATED FEATURE FILM
2018,CINEMATOGRAPHY
2018,COSTUME DESIGN
2018,DIRECTING
2018,DOCUMENTARY (Feature)
2018,DOCUMENTARY (Short Subject)
2018,FILM EDITING
2018,FOREIGN LANGUAGE FILM
2018,MAKEUP AND HAIRSTYLING
2018,MUSIC (Original Score)
2018,MUSIC (Original Song)
2018,BEST PICTURE
2018,PRODUCTION DESIGN
2018,SHORT FILM (Animated)
2018,SHORT FILM (Live Action)
2018,SOUND EDITING
2018,SOUND MIXING
2018,VISUAL EFFECTS
2018,WRITING (Adapted Screenplay)
2018,WRITING (Original Screenplay)
2018,SPECIAL AWARD
2018,HONORARY AWARD
2019,ACTOR IN A LEADING ROLE
2019,ACTOR IN A SUPPORTING ROLE
2019,ACTRESS IN A LEADING ROLE
2019,ACTRESS IN A SUPPORTING ROLE
2019,ANIMATED FEATURE FILM
2019,CINEMATOGRAPHY
2019,COSTUME DESIGN
2019,DIRECTING
2019,DOCUMENTARY (Feature)
2019,DOCUMENTARY (Short Subject)
2019,FILM EDITING
2019,FOREIGN LANGUAGE FILM
2019,MAKEUP AND HAIRSTYLING
2019,MUSIC (Original Score)
2019,MUSIC (Original Song)
2019,BEST PICTURE
2019,PRODUCTION DESIGN
2019,SHORT FILM (Animated)
2019,SHORT FILM (Live Action)
2019,SOUND EDITING
2019,SOUND MIXING
2019,VISUAL EFFECTS
2019,WRITING (Adapted Screenplay)
2019,WRITING (Original Screenplay)
2019,HONORARY AWARD
2019,IRVING G. THALBERG MEMORIAL AWARD
2020,ACTOR IN A LEADING ROLE
2020,ACTOR IN A SUPPORTING ROLE
2020,ACTRESS IN A LEADING ROLE
2020,ACTRESS IN A SUPPORTING ROLE
2020,ANIMATED FEATURE FILM
2020,CINEMATOGRAPHY
2020,COSTUME DESIGN
2020,DIRECTING
2020,DOCUMENTARY (Feature)
2020,DOCUMENTARY (Short Subject)
2020,FILM EDITING
2020,INTERNATIONAL FEATURE FILM
2020,MAKEUP AND HAIRSTYLING
2020,MUSIC (Original Score)
2020,MUSIC (Original Song)
2020,BEST PICTURE
2020,PRODUCTION DESIGN
2020,SHORT FILM (Animated)
2020,SHORT FILM (Live Action)
2020,SOUND EDITING
2020,SOUND MIXING
2020,VISUAL EFFECTS
2020,WRITING (Adapted Screenplay)
2020,WRITING (Original Screenplay)
2020,JEAN HERSHOLT HUMANITARIAN AWARD
2020,HONORARY AWARD
2021,ACTOR IN A LEADING ROLE
2021,ACTOR IN A SUPPORTING ROLE
2021,ACTRESS IN A LEADING ROLE
2021,ACTRESS IN A SUPPORTING ROLE
2021,ANIMATED FEATURE FILM
2021,CINEMATOGRAPHY
2021,COSTUME DESIGN
2021,DIRECTING
2021,DOCUMENTARY (Feature)
2021,DOCUMENTARY (Short Subject)
2021,FILM EDITING
2021,INTERNATIONAL FEATURE FILM
2021,MAKEUP AND HAIRSTYLING
2021,MUSIC (Original Score)
2021,MUSIC (Original Song)
2021,BEST PICTURE
2021,PRODUCTION DESIGN
2021,SHORT FILM (Animated)
2021,SHORT FILM (Live Action)
2021,SOUND
2021,VISUAL EFFECTS
2021,WRITING (Adapted Screenplay)
2021,WRITING (Original Screenplay)
2021,JEAN HERSHOLT HUMANITARIAN AWARD
2022,ACTOR IN A LEADING ROLE
2022,ACTOR IN A SUPPORTING ROLE
2022,ACTRESS IN A LEADING ROLE
2022,ACTRESS IN A SUPPORTING ROLE
2022,ANIMATED FEATURE FILM
2022,CINEMATOGRAPHY
2022,COSTUME DESIGN
2022,DIRECTING
2022,DOCUMENTARY (Feature)
2022,DOCUMENTARY (Short Subject)
2022,FILM EDITING
2022,INTERNATIONAL FEATURE FILM
2022,MAKEUP AND HAIRSTYLING
2022,MUSIC (Original Score)
2022,MUSIC (Original Song)
2022,BEST PICTURE
2022,PRODUCTION DESIGN
2022,SHORT FILM (Animated)
2022,SHORT FILM (Live Action)
2022,SOUND
2022,VISUAL EFFECTS
2022,WRITING (Adapted Screenplay)
2022,WRITING (Original Screenplay)
2022,JEAN HERSHOLT HUMANITARIAN AWARD
2022,HONORARY AWARD
2023,ACTOR IN A LEADING ROLE
2023,ACTOR IN A SUPPORTING ROLE
2023,ACTRESS IN A LEADING ROLE
2023,ACTRESS IN A SUPPORTING ROLE
2023,ANIMATED FEATURE FILM
2023,CINEMATOGRAPHY
2023,COSTUME DESIGN
2023,DIRECTING
2023,DOCUMENTARY FEATURE FILM
2023,DOCUMENTARY SHORT FILM
2023,FILM EDITING
2023,INTERNATIONAL FEATURE FILM
2023,MAKEUP AND HAIRSTYLING
2023,MUSIC (Original Score)
2023,MUSIC (Original Song)
2023,BEST PICTURE
2023,PRODUCTION DESIGN
2023,SHORT FILM (Animated)
2023,SHORT FILM (Live Action)
2023,SOUND
2023,VISUAL EFFECTS
2023,WRITING (Adapted Screenplay)
2023,WRITING (Original Screenplay)
2023,JEAN HERSHOLT HUMANITARIAN AWARD
2023,HONORARY AWARD
2023,GORDON E. SAWYER AWARD
2023,AWARD OF COMMENDATION
